userId,movieId,tag,timestamp
18,4141,Mark Waters,2009-04-24 18:19:40
65,208,dark hero,2013-05-10 01:41:18
65,353,dark hero,2013-05-10 01:41:19
65,521,noir thriller,2013-05-10 01:39:43
65,592,dark hero,2013-05-10 01:41:18
65,668,bollywood,2013-05-10 01:37:56
65,898,screwball comedy,2013-05-10 01:42:40
65,1248,noir thriller,2013-05-10 01:39:43
65,1391,mars,2013-05-10 01:40:55
65,1617,neo-noir,2013-05-10 01:43:37
65,1694,jesus,2013-05-10 01:38:45
65,1783,noir thriller,2013-05-10 01:39:43
65,2022,jesus,2013-05-10 01:38:45
65,2193,dragon,2013-05-10 02:01:54
65,2353,conspiracy theory,2013-05-10 02:01:06
65,2662,mars,2013-05-10 01:40:55
65,2726,noir thriller,2013-05-10 01:39:43
65,2840,jesus,2013-05-10 01:38:45
65,3052,jesus,2013-05-10 01:38:46
65,5135,bollywood,2013-05-10 01:37:56
65,6539,treasure,2013-05-10 01:39:09
65,6874,dark hero,2013-05-10 01:41:19
65,7013,noir thriller,2013-05-10 01:39:43
65,7318,jesus,2013-05-10 01:38:45
65,8529,stranded,2013-05-10 01:40:12
65,8622,conspiracy theory,2013-05-10 02:01:06
65,27803,Oscar (Best Foreign Language Film),2011-05-10 06:25:15
65,27866,New Zealand,2011-05-09 16:05:53
65,48082,surreal,2011-05-09 16:25:54
65,48082,unusual,2011-05-09 16:25:59
65,51884,bollywood,2013-05-10 01:37:56
65,58652,cute,2011-05-09 16:13:32
65,58652,emotional,2011-05-09 16:13:28
65,58652,girls who play boys,2011-05-09 16:10:03
65,58652,Stephen Chow,2011-05-09 16:09:48
96,106696,animation,2014-03-29 12:51:30
96,106696,beautiful,2014-03-29 12:51:37
96,106696,characters,2014-03-29 12:51:40
96,106696,Disney,2014-03-29 12:51:32
96,106696,feminist,2014-03-29 12:51:42
96,106696,Ice,2014-03-29 12:51:45
96,106696,music,2014-03-29 12:51:48
96,106696,musical,2014-03-29 12:51:49
96,106696,pacing,2014-03-29 12:51:57
96,106696,royalty,2014-03-29 12:52:10
96,106696,siblings,2014-03-29 12:52:13
96,106696,storyline,2014-03-29 12:52:17
96,106696,themes,2014-03-29 12:52:25
96,106696,unnecessary villain,2014-03-29 12:51:20
96,106696,voice acting,2014-03-29 12:52:33
96,106696,writing,2014-03-29 12:52:38
121,778,dark comedy,2011-03-23 04:00:46
121,778,drugs,2011-03-23 04:00:44
121,778,Nudity (Full Frontal - Notable),2011-03-23 04:00:39
121,778,Nudity (Full Frontal),2011-03-23 04:00:41
121,1288,Christopher Guest,2011-04-01 06:49:19
121,1288,comedy,2011-04-01 06:48:26
121,1288,music business,2011-04-01 06:48:43
121,1288,rock and roll,2011-04-01 06:48:15
121,1288,satire,2011-04-01 06:48:17
121,1288,witty,2011-04-01 06:48:20
121,2706,Nudity (Topless - Notable),2011-03-22 04:21:21
121,2706,Nudity (Topless),2011-03-22 04:21:24
121,2706,sexuality,2011-03-22 04:21:32
121,2706,teen comedy,2011-03-22 04:21:28
121,4718,Nudity (Topless),2011-03-22 04:21:54
121,4718,sexuality,2011-03-22 04:21:56
121,5283,College Humor,2011-03-22 04:22:48
121,5283,Nudity (Topless),2011-03-22 04:22:37
121,5283,R,2011-03-22 04:22:39
121,5283,Ryan Reynolds,2011-03-22 04:22:35
121,5283,Teen movie,2011-03-22 04:22:43
121,6188,college,2011-03-22 04:23:40
121,6188,Nudity (Topless),2011-03-22 04:23:19
121,6188,Seann William Scott,2011-03-22 04:23:35
121,6188,Vince Vaughn,2011-03-22 04:23:26
121,6188,Will Ferrell,2011-03-22 04:23:21
121,8641,Funniest Movies,2011-03-22 04:24:46
121,8641,hilarious,2011-03-22 04:24:37
121,8641,One of the worst movies of all time,2011-03-22 04:24:41
121,8641,seen more than once,2011-03-22 04:24:34
121,8641,Steve Carell,2011-03-22 04:24:27
121,8641,Vince Vaughn,2011-03-22 04:24:25
121,8641,Will Ferrell,2011-03-22 04:24:29
121,35836,comedy,2011-03-27 03:48:48
121,35836,crude humor,2011-03-27 03:48:56
121,35836,Nudity (Topless - Notable),2011-03-27 03:48:38
121,35836,Nudity (Topless),2011-03-27 03:48:41
121,35836,Seth Rogen,2011-03-27 03:49:01
121,35836,sex,2011-03-27 03:48:46
121,35836,sex comedy,2011-03-27 03:48:43
121,35836,Steve Carell,2011-03-27 03:48:59
121,36529,arms dealer,2011-03-23 04:04:29
121,36529,dark comedy,2011-03-23 04:04:24
121,36529,drugs,2011-03-23 04:04:26
121,36529,Nicolas Cage,2011-03-23 04:04:22
121,36529,Nudity (Topless),2011-03-23 04:04:34
121,46970,Below R,2011-03-22 04:25:10
121,46970,Tarantino,2011-03-22 04:25:02
121,46970,Will Ferrell,2011-03-22 04:25:00
121,52973,drugs,2011-03-22 04:20:09
121,52973,Nudity (Topless - Brief),2011-03-22 04:20:17
121,52973,Nudity (Topless),2011-03-22 04:20:11
121,54503,crude humor,2011-03-22 04:20:56
121,54503,Highly quotable,2011-03-22 04:20:53
121,54503,pornography,2011-03-22 04:21:00
121,54503,Teen movie,2011-03-22 04:20:47
121,54503,virginity,2011-03-22 04:20:49
121,59900,Adam Sandler,2011-03-28 04:07:14
121,59900,Below R,2011-03-28 04:07:32
121,59900,exaggerated,2011-03-28 04:07:16
121,59900,Israeli/Palestinian conflict,2011-03-28 04:07:19
121,59900,over the top,2011-03-28 04:07:37
121,60756,comedy,2011-03-22 04:24:09
121,60756,Seth Rogen,2011-03-22 04:23:56
121,60756,will ferrell,2011-03-22 04:24:00
121,68073,1960s,2011-04-01 06:46:29
121,68073,Bill Nighy,2011-04-01 06:46:32
121,68073,meandering,2011-04-01 06:46:56
121,68073,Philip Seymour Hoffman,2011-04-01 06:46:43
121,68073,pirate radio,2011-04-01 06:46:48
121,68073,rock and roll,2011-04-01 06:46:51
121,68073,soundtrack,2011-04-01 06:47:04
121,80693,mental illness,2011-03-29 04:51:43
121,80693,Zach Galifianakis,2011-03-29 04:51:51
129,104,Adam Sandler,2011-02-08 05:57:48
129,104,golf,2011-02-08 05:57:52
129,104,sports,2011-02-08 05:57:50
129,1359,Arnold Schwarzenegger,2011-01-08 20:28:08
129,1359,christmas movie,2011-01-08 20:28:12
129,1359,Xmas theme(?),2011-01-08 20:28:20
129,2335,Adam Sandler,2011-02-08 05:57:26
129,2335,American football,2011-02-08 05:57:28
129,2335,football,2011-02-08 05:57:39
129,2335,sport:American football,2011-02-08 05:57:34
129,2706,high school,2011-03-06 23:14:38
129,2706,Nudity (Topless - Notable),2011-03-06 23:14:59
129,2706,Nudity (Topless),2011-03-06 23:15:01
129,2706,sexuality,2011-03-06 23:14:49
129,2706,teen comedy,2011-03-06 23:15:05
129,2706,Teen movie,2011-03-06 23:15:18
129,2706,virginity,2011-03-06 23:14:44
129,3556,great ending,2011-03-14 03:17:53
129,3556,high school,2011-03-14 03:17:43
129,3556,lyrical,2011-03-14 03:18:05
129,3556,melancholy,2011-03-14 03:17:57
129,3556,psychology,2011-03-14 03:17:44
129,3556,reflective,2011-03-14 03:18:02
129,3556,suburbia,2011-03-14 03:17:59
129,3556,suicide,2011-03-14 03:17:48
129,3556,visually appealing,2011-03-14 03:17:58
129,4247,David Spade,2011-02-08 05:56:14
129,4247,fuck you it's funny,2011-02-08 05:56:17
129,4247,movie to see,2011-02-08 05:56:18
129,4732,stupid :),2011-02-08 05:56:32
129,4878,alternate timeline,2011-04-04 03:10:44
129,4878,cult classic,2011-04-04 03:10:48
129,4878,cult film,2011-04-04 03:10:49
129,4878,high school,2011-04-04 03:10:53
129,4878,mental illness,2011-04-04 03:10:46
129,4878,music,2011-04-04 03:11:13
129,4878,psychology,2011-04-04 03:10:45
129,4878,sci-fi,2011-04-04 03:11:10
129,4878,surreal,2011-04-04 03:11:06
129,4878,thought-provoking,2011-04-04 03:10:54
129,4878,time travel,2011-04-04 03:10:59
129,5449,Adam Sandler,2011-02-08 05:57:09
129,5449,Al Sharpton,2011-02-08 05:57:03
129,5449,Winona Ryder,2011-02-08 05:57:06
129,8528,Ben Stiller,2011-02-08 05:58:13
129,8528,comedy,2011-02-08 05:58:22
129,8528,funny,2011-02-08 05:58:23
129,8528,Funny as hell,2011-02-08 05:58:25
129,8528,Idiotic,2011-02-08 05:58:19
129,8528,seen more than once,2011-02-08 05:58:26
129,8528,sports,2011-02-08 05:58:27
129,8528,Vince Vaughn,2011-02-08 05:58:15
129,8528,wasted potential,2011-02-08 05:58:31
129,8641,Ben Stiller,2011-02-08 05:55:22
129,8641,Judd Apatow movie,2011-02-08 05:55:13
129,8641,Paul Rudd,2011-02-08 05:55:17
129,8641,Seth Rogen,2011-02-08 05:55:26
129,8641,Steve Carell,2011-02-08 05:55:16
129,8641,Steve Carrell,2011-02-08 05:55:15
129,33880,avante garde,2011-01-24 02:14:37
129,33880,bittersweet,2011-01-24 02:14:41
129,33880,deadpan,2011-01-24 02:14:39
129,33880,FATHERS AND SONS,2011-01-24 02:14:42
129,33880,independent film,2011-01-24 02:14:54
129,33880,Indie,2011-01-24 02:14:57
129,33880,irreverent,2011-01-24 02:14:44
129,33880,SEXUAL AWAKENING,2011-01-24 02:14:52
129,33880,unique,2011-01-24 02:14:49
129,33880,weird,2011-01-24 02:14:50
129,52952,coming of age,2011-03-01 00:52:21
129,52952,friendship,2011-03-01 00:52:25
129,52952,tattoo,2011-03-01 00:52:41
129,52952,teenager,2011-03-01 00:52:38
129,55280,delusion,2011-02-05 21:06:03
129,55280,delusional,2011-02-05 21:06:00
129,55280,dork people,2011-02-05 21:06:06
129,55280,emotional,2011-02-05 21:06:09
129,55280,family affair,2011-02-05 21:06:12
129,55280,mental illness,2011-02-05 21:05:53
129,55280,real doll,2011-02-05 21:06:17
129,55280,small town,2011-02-05 21:05:56
129,60756,brother-brother relationship,2011-02-08 05:55:43
129,60756,ending,2011-02-08 05:55:56
129,60756,Highly quotable,2011-02-08 05:55:52
129,60756,let down,2011-02-08 05:55:49
129,60756,movie to see,2011-02-08 05:55:44
129,60756,Seth Rogen,2011-02-08 05:55:39
129,60756,will ferrell,2011-02-08 05:55:46
129,61132,Ben Stiller,2011-02-08 05:54:43
129,61132,Hollywood,2011-02-08 05:54:59
129,61132,irreverent,2011-02-08 05:54:53
129,61132,Jack Black,2011-02-08 05:54:42
129,61132,Robert Downey Jr.,2011-02-08 05:54:35
129,61132,satire,2011-02-08 05:54:37
129,61132,Tom Cruise,2011-02-08 05:54:46
129,61132,Vietnam War,2011-02-08 05:54:48
129,80094,handcam-real style,2011-01-08 16:42:33
129,80350,funny,2011-01-17 21:16:58
129,80350,parody,2011-01-17 21:17:01
129,80350,vampires,2011-01-17 21:17:00
129,80489,action,2011-01-17 21:15:02
129,80489,Criminal = good Police = bad,2011-01-17 21:14:46
129,80489,one dimensional characters except for Affleck. Ending trite.,2011-01-17 21:14:53
129,80489,too much love interest,2011-01-17 21:15:07
129,80549,Emma Stone,2011-01-17 21:15:31
129,80549,funny dialogues,2011-01-17 21:15:33
129,80549,plot,2011-01-17 21:15:35
129,80549,sexuality,2011-01-17 21:15:43
129,80549,typical,2011-01-17 21:15:38
129,80549,Unreal reactions,2011-01-17 21:15:41
129,80846,plot twist,2011-03-06 23:14:03
129,80862,documentary,2011-01-24 02:15:27
129,80862,makes you think,2011-01-24 02:15:29
129,80862,Not what was expected but still good,2011-01-24 02:15:25
129,80862,social networking,2011-01-24 02:15:31
129,81537,drug use,2011-02-08 05:54:06
129,81537,road trip,2011-02-08 05:54:14
129,81537,Robert Downey Jr.,2011-02-08 05:54:02
129,81537,Zach Galifianakis,2011-02-08 05:54:04
129,81834,boring,2010-11-26 03:54:09
129,81834,camping trip,2010-11-26 03:54:31
129,81834,emma watson,2010-11-26 03:54:39
133,4973,beautifully filmed,2014-04-11 18:30:40
133,4973,quirky,2014-04-11 18:30:36
133,4973,romance,2014-04-11 18:30:34
133,4973,stylized,2014-04-11 18:30:06
133,4973,visually appealing,2014-04-11 18:30:31
133,4973,whimsical,2014-04-11 18:30:24
133,7158,culture clash,2014-04-13 05:32:39
133,7158,heartbreaking,2014-04-13 05:32:43
133,7158,intense,2014-04-13 05:32:56
133,7158,sad but good,2014-04-13 05:33:00
190,1270,Steven Spielberg,2012-02-12 19:29:39
190,1270,time travel,2012-02-12 19:29:41
190,2011,sci-fi,2012-02-12 19:29:36
190,2011,time travel,2012-02-12 19:29:33
190,2012,time travel,2012-02-12 19:29:30
205,1966,manhattan,2008-01-31 09:23:27
205,1966,upper class,2008-01-31 09:23:27
208,72,whit stillman meets Diner,2006-02-05 03:35:02
208,8645,actress too old,2006-02-12 16:28:24
208,8645,too upper class,2006-02-12 16:28:24
208,27727,wild and fresh,2006-02-05 22:04:45
208,40819,whit stillman meets diner,2006-02-05 03:33:50
208,41573,utterly predictable ensemble flick,2006-01-16 21:10:27
271,84772,Simon Pegg,2011-04-09 21:36:24
279,916,Audrey Hepburn,2012-02-23 02:01:01
279,916,black and white,2012-02-23 02:01:40
279,916,classic,2012-02-23 02:01:07
279,916,Gregory Peck,2012-02-23 02:00:59
279,916,imdb top 250,2012-02-23 02:01:18
279,916,Italy,2012-02-23 02:01:21
279,916,love story,2012-02-23 02:01:09
279,916,National Film Registry,2012-02-23 02:01:26
279,916,need to own,2012-02-23 02:01:11
279,916,romantic comedy,2012-02-23 02:01:16
279,916,Rome,2012-02-23 02:01:30
279,916,royalty,2012-02-23 02:01:14
279,916,slapstick,2012-02-23 02:01:35
279,916,zest for life,2012-02-23 02:01:37
279,4246,based on a book,2012-02-23 01:52:03
279,4246,British,2012-02-23 01:52:01
279,4246,Hugh Grant,2012-02-23 01:51:46
279,4246,Jane Austen,2012-02-23 01:51:51
279,4246,romantic comedy,2012-02-23 01:51:57
279,8533,chick flick,2011-05-06 06:00:51
279,8533,sentimental,2011-05-06 06:01:03
279,55872,Freddie Highmore,2012-02-06 01:56:31
279,55872,inspirational,2012-02-06 01:56:29
279,55872,love of music,2012-02-06 01:56:26
279,55872,power of music,2012-02-06 01:56:22
279,55872,uplifting and compelling,2012-02-08 00:45:57
316,34405,Firefly,2006-06-17 10:00:12
316,34405,scifi,2006-06-17 10:00:15
316,34405,western,2006-06-17 10:00:07
316,45186,Ethan Hunt Should Stop Hogging The Screen!,2006-06-17 09:58:42
318,260,1970s,2015-02-20 22:42:49
318,260,fantasy,2015-02-20 22:42:49
318,260,sci-fi,2015-02-20 22:42:49
318,115149,Action,2015-02-21 15:58:30
318,115149,Revenge,2015-02-21 15:58:03
318,115149,Willem Dafoe,2015-02-21 15:59:43
320,1197,must show,2006-04-25 11:33:21
320,1396,must show,2006-04-25 11:33:30
320,2011,must show,2006-04-25 11:34:18
320,2012,must show,2006-04-25 11:35:15
320,2502,must show,2006-04-25 11:33:18
320,2762,twist,2006-04-25 11:33:52
320,2959,twist,2006-04-25 11:30:58
320,3996,overrated,2006-04-25 11:32:28
320,6016,violent,2006-04-25 11:31:10
320,7438,violent,2006-04-25 11:32:44
342,32,post-apocalyptic,2012-01-25 18:02:10
342,32,psychology,2012-01-25 18:02:15
342,32,time travel,2012-01-25 18:02:06
342,50,organized crime,2012-01-31 16:58:31
342,50,twist ending,2012-01-31 16:58:22
342,50,twists & turns,2012-01-31 16:58:48
342,318,friendship,2012-09-01 22:59:19
342,318,masterplan,2015-02-08 19:48:18
342,318,Morgan Freeman,2012-09-01 22:59:15
342,318,prison escape,2015-02-08 19:48:18
342,318,redemption,2015-02-08 19:48:18
342,318,revenge,2012-09-01 22:59:27
342,356,bittersweet,2012-09-01 23:00:28
342,356,classic,2012-09-01 23:00:34
342,356,vietnam war,2012-09-01 23:00:44
342,608,crime gone awry,2012-01-25 17:47:41
342,750,black comedy,2013-03-17 23:02:19
342,750,British,2013-03-17 23:02:09
342,750,cold war,2013-03-17 23:02:23
342,750,comedy,2013-03-17 23:02:25
342,750,Peter Sellers,2013-03-17 23:02:04
342,750,satire,2013-03-17 23:02:13
342,750,satirical,2013-03-17 23:02:12
342,750,Stanley Kubrick,2013-03-17 23:01:53
342,1079,British,2012-09-08 17:08:10
342,1079,John Cleese,2012-09-08 17:07:59
342,1079,quirky,2012-09-08 17:07:48
342,1136,Monty Python,2012-01-31 16:55:38
342,1136,parody,2012-01-31 16:55:32
342,1136,satire,2012-01-31 16:55:50
342,1175,atmospheric,2012-09-01 22:49:29
342,1175,post-apocalyptic,2012-09-01 22:49:27
342,1175,surreal,2012-09-01 22:49:23
342,1193,psychological,2012-01-31 16:56:04
342,1193,psychology,2012-01-31 16:56:07
342,1201,Clint Eastwood,2013-03-17 18:41:01
342,1201,Ennio Morricone,2013-03-17 18:41:04
342,1201,Italian,2013-03-17 18:41:18
342,1201,music,2013-03-17 18:41:21
342,1201,Sergio Leone,2013-03-17 18:41:09
342,1252,mystery,2012-01-31 16:57:33
342,1252,twists & turns,2012-01-31 16:57:33
342,1625,Michael Douglas,2012-03-05 16:55:52
342,1625,Mystery,2012-03-05 16:55:55
342,1625,plot twist,2012-03-05 16:56:24
342,1625,psychological,2012-03-05 16:55:59
342,1625,Sean Penn,2012-03-05 16:56:40
342,1625,twist ending,2012-03-05 16:56:30
342,1625,unrealistic,2012-03-05 16:56:36
342,1653,eugenics,2012-09-01 23:03:13
342,1653,future,2012-09-01 23:03:41
342,1653,genetic engineering,2012-09-01 23:03:18
342,1653,genetics,2012-09-01 23:03:16
342,1653,powerful ending,2012-09-01 23:03:37
342,1653,racism,2012-09-01 23:03:28
342,1784,funny,2013-03-17 18:27:48
342,1784,Jack Nicholson,2013-03-17 18:27:31
342,1784,obsessive compulsive disorder,2013-03-17 18:27:36
342,1784,psychology,2013-03-17 18:27:33
342,1784,quirky,2013-03-17 18:27:51
342,1784,relationships,2013-03-17 18:27:42
342,2329,Edward Norton,2012-09-01 22:52:09
342,2329,Neo-Nazis,2012-09-01 22:52:11
342,2329,politics,2012-09-01 22:52:22
342,2329,powerful ending,2012-09-01 22:52:19
342,2329,racism,2012-09-01 22:52:12
342,2329,tense,2012-09-01 22:52:16
342,2329,thought-provoking,2012-09-01 22:52:14
342,2571,post-apocalyptic,2012-01-25 17:52:01
342,2571,sci-fi,2012-01-25 17:51:58
342,2571,virtual reality,2012-01-25 17:52:04
342,3000,adventure,2012-03-14 18:42:03
342,3000,anime,2012-03-14 18:41:53
342,3000,fantasy world,2012-03-14 18:41:49
342,3000,surreal,2012-03-14 18:41:47
342,3359,coming of age,2013-09-18 19:30:15
342,3359,coming-of-age,2013-09-18 19:30:18
342,3359,cycling,2013-09-18 19:30:04
342,3363,classic,2014-03-07 21:21:01
342,3363,coming of age,2014-03-07 21:20:55
342,3363,friendship,2014-03-07 21:20:59
342,4848,BORING!,2012-02-14 18:38:47
342,4848,Nudity (Full Frontal),2012-02-14 18:40:09
342,4848,pretentious,2012-02-14 18:38:47
342,4973,slow paced,2012-03-14 18:40:00
342,4978,characters,2012-09-01 22:44:28
342,4978,romance,2012-09-01 22:44:28
342,4993,adventure,2012-01-25 17:57:23
342,4993,characters,2012-01-25 17:57:23
342,4993,epic,2012-01-25 17:57:23
342,4993,fantasy world,2012-01-25 17:57:23
342,4993,fighting,2012-01-25 17:58:03
342,4993,photography,2012-01-25 17:58:03
342,5282,ending,2012-09-01 22:37:35
342,5282,lawyers,2012-09-01 22:38:03
342,5282,military court,2012-09-01 22:38:19
342,5291,multiple storylines,2012-01-25 17:49:23
342,5291,nonlinear,2012-01-25 17:49:36
342,6016,disturbing,2012-01-31 17:50:26
342,6016,drama,2012-01-25 17:50:58
342,6016,multiple storylines,2012-01-31 17:50:31
342,6016,realistic,2012-01-25 17:50:58
342,6365,action packed,2012-01-25 17:52:49
342,6365,dystopia,2012-01-25 17:52:36
342,6365,unrealistic characters,2012-01-25 17:55:43
342,6539,cliche,2012-09-01 22:42:31
342,6539,Johnny Depp,2012-09-01 22:42:31
342,6539,magic realism,2012-09-01 22:42:31
342,6539,modernism,2012-09-01 22:42:31
342,6539,photography,2012-09-01 22:42:31
342,6539,too long,2012-09-01 22:42:31
342,6953,multiple storylines,2013-03-09 17:48:29
342,6953,psychological,2013-03-09 17:48:24
342,6953,Sean Penn,2013-03-09 17:48:20
342,7090,atmospheric,2012-09-01 22:48:07
342,7090,colours,2012-09-01 22:48:08
342,7090,martial arts,2012-09-01 22:48:07
342,7090,photography,2012-09-01 22:48:07
342,8914,dialogue driven,2012-09-08 17:17:44
342,8914,mindfuck,2012-09-08 17:17:33
342,8914,plot holes,2012-09-08 17:17:38
342,8914,sci-fi,2012-09-08 17:17:31
342,8914,time travel,2012-09-08 17:17:29
342,31410,Biography,2014-11-08 20:39:08
342,31410,disturbing,2014-11-08 20:39:02
342,31410,excellent performance,2014-11-08 20:40:23
342,31410,historical,2014-11-08 20:39:06
342,31410,World War II,2014-11-08 20:39:00
342,44191,comic book,2012-09-01 22:51:12
342,44191,dark,2012-09-01 22:51:32
342,44191,dystopia,2012-09-01 22:51:09
342,44191,England,2012-09-01 22:51:26
342,44191,inspirational,2012-09-01 22:51:24
342,44191,Natalie Portman,2012-09-01 22:51:15
342,44191,politics,2012-09-01 22:51:18
342,44191,thought-provoking,2012-09-01 22:51:05
342,44191,visually appealing,2012-09-01 22:51:22
342,47044,action packed,2012-09-01 22:40:25
342,47044,characters,2012-09-01 22:39:51
342,47044,Miami,2012-09-01 22:39:51
342,47044,shallow,2012-09-01 22:39:51
342,47044,unrealistic,2012-09-01 22:39:50
342,47044,unrealistic action,2012-09-01 22:40:25
342,47044,unrealistic plot,2012-09-01 22:39:51
342,48043,atmospheric,2012-09-01 22:55:32
342,48043,death,2012-09-01 22:55:45
342,48043,emotional,2012-09-01 22:57:02
342,48043,multiple storylines,2013-03-17 18:29:57
342,48043,Music,2012-09-01 22:57:20
342,48043,nonlinear,2012-09-01 22:57:26
342,48043,surreal,2012-09-01 22:57:14
342,48043,thought-provoking,2012-09-01 22:57:48
342,48043,visually appealing,2012-09-01 22:55:30
342,48774,disturbing,2012-09-01 23:04:32
342,48774,dystopia,2012-09-01 23:04:29
342,48774,ending,2012-09-01 23:05:52
342,48774,future,2012-09-01 23:04:38
342,48774,sci-fi,2012-09-01 23:04:24
342,48774,violence,2012-09-01 23:04:43
342,51662,americanized movie,2012-01-31 18:01:25
342,51662,based on a comic,2012-01-31 17:59:46
342,51662,based on comic,2012-01-31 17:59:52
342,51662,blood,2012-01-31 18:00:10
342,51662,Frank Miller,2012-01-31 18:00:44
342,51662,stylized,2012-01-31 17:59:32
342,52328,atmospheric,2012-09-08 17:25:21
342,52328,dark,2012-09-08 17:25:02
342,52328,despair,2012-09-08 17:24:56
342,52328,ending twist,2012-09-08 17:24:43
342,52328,great soundtrack,2012-09-08 17:25:07
342,52328,madness,2012-09-08 17:25:23
342,52328,psychological,2012-09-08 17:25:25
342,52328,psychology,2012-09-08 17:24:46
342,52328,slow paced,2012-09-08 17:25:12
342,52328,spaceships,2012-09-08 17:24:30
342,54372,French,2015-01-31 20:03:48
342,54372,murder mystery,2015-01-31 20:03:52
342,54372,twist ending,2015-01-31 20:03:50
342,55442,coming of age,2012-09-05 07:42:30
342,55442,Middle East,2012-09-05 07:42:36
342,55442,politics,2012-09-05 07:41:29
342,55442,revolution,2012-09-05 07:42:00
342,55442,social commentary,2012-09-05 07:42:34
342,55908,entirely dialogue,2012-01-31 18:41:16
342,55908,Excellent use of dialogue,2012-01-31 18:41:00
342,55908,immortality,2014-11-08 20:33:18
342,55908,intellectual,2012-01-31 18:40:46
342,55908,sci-fi,2012-01-31 18:40:54
342,55908,thought-provoking,2012-01-31 18:40:50
342,55908,Underrated,2012-01-31 18:41:23
342,55908,unique,2012-01-31 18:40:52
342,58559,Atmospheric,2012-01-31 18:03:43
342,58559,Batman,2012-01-31 18:03:25
342,58559,Heath Ledger,2012-01-31 18:03:51
342,58559,superhero,2012-01-31 18:03:05
342,58559,vigilante,2012-01-31 18:03:16
342,63082,India,2013-03-17 18:34:08
342,63082,love story,2013-03-17 18:34:23
342,63082,Oscar (Best Picture),2013-03-17 18:34:57
342,63082,photography,2013-03-17 18:34:43
342,63082,romance,2013-03-17 18:34:15
342,63082,shallow plot,2013-03-17 18:35:29
342,63082,social commentary,2013-03-17 18:34:12
342,63082,violence,2013-03-17 18:35:01
342,63082,visually appealing,2013-03-17 18:34:51
342,64614,Clint Eastwood,2012-01-31 17:49:02
342,64614,culture clash,2012-01-31 17:49:06
342,64614,gangs,2012-01-31 17:48:57
342,64614,redemption,2012-01-31 17:49:17
342,68954,emotional,2012-01-25 17:48:45
342,68954,friendship,2012-01-25 17:48:27
342,70286,action,2012-01-31 17:03:16
342,70286,alien invasion,2012-01-31 17:02:43
342,70286,aliens,2012-01-31 17:02:14
342,70286,sci-fi,2013-03-17 18:42:28
342,70286,social commentary,2012-01-31 17:02:11
342,72167,boring plot,2012-01-25 18:01:17
342,72167,nonsensical,2012-01-25 18:00:59
342,72167,stupid,2012-01-25 18:00:59
342,72167,stupid characters,2012-01-25 18:00:59
342,73321,beautiful scenery,2012-09-01 22:53:40
342,73321,Bible,2012-09-01 22:53:27
342,73321,characters,2012-09-01 22:54:05
342,73321,Christianity,2012-09-01 22:53:25
342,73321,Denzel Washington,2012-09-01 22:53:08
342,73321,dystopic future,2012-09-01 22:53:10
342,73321,fight scenes,2012-09-01 22:53:54
342,73321,plot holes,2012-09-01 22:53:14
342,79357,nonlinear,2013-03-17 18:31:44
342,79357,Nudity (Topless),2013-03-17 18:31:20
342,79357,sci-fi,2013-03-17 18:31:12
342,79357,time travel,2013-03-17 18:31:16
342,79357,too long,2013-03-17 18:31:29
342,83302,cheating,2014-03-22 22:54:17
342,83302,cold,2014-03-22 22:53:42
342,83302,husband-wife relationship,2014-03-22 22:54:30
342,83302,lack of identification,2014-03-22 22:54:37
342,83302,thought-provoking,2014-03-22 22:54:10
342,83302,unlikable characters,2014-03-22 22:53:53
342,89118,disturbing,2015-01-31 19:57:16
342,89118,long revenge,2015-01-31 19:57:19
342,89118,spanish,2015-01-31 19:58:13
342,89118,unpredictable,2015-01-31 19:57:04
342,90746,animation,2012-03-01 19:34:56
342,91077,coma,2012-03-14 18:36:39
342,91077,drama,2012-03-14 18:37:09
342,91077,emotional,2012-03-14 18:36:32
342,91077,family bonds,2012-03-14 18:37:21
342,91077,George Clooney,2012-03-14 18:36:55
342,91077,Hawaii,2012-03-14 18:36:42
342,96610,future,2014-03-23 12:38:25
342,96610,sci-fi,2014-03-23 12:38:29
342,96610,time travel,2014-03-23 12:38:31
342,96610,violent,2014-03-23 12:38:33
342,96610,visually appealing,2014-03-23 12:38:51
342,97752,adapted from:book,2013-03-17 18:32:49
342,97752,atmospheric,2013-03-17 18:32:08
342,97752,based on a book,2013-03-17 18:33:13
342,97752,multiple storylines,2013-03-17 18:32:43
342,97752,philosophy,2013-03-17 18:33:01
342,97752,rebellion,2013-03-17 18:32:25
342,97752,sci-fi,2013-03-17 18:32:27
342,97752,slow paced,2013-03-17 18:33:33
342,97752,social commentary,2013-03-17 18:32:56
342,97752,social criticism,2013-03-17 18:32:22
342,97752,Tom Hanks,2013-03-17 18:32:37
342,97752,visually appealing,2013-03-17 18:32:36
342,99114,Leonardo DiCaprio,2014-11-08 20:29:59
342,99114,Over the top,2014-11-08 20:29:47
342,99114,Quentin Tarantino,2014-11-08 20:29:56
342,99114,Samuel L. Jackson,2014-11-08 20:30:05
342,99114,slavery,2014-11-08 20:30:01
342,108190,based on a book,2015-03-21 22:48:35
342,108190,dystopia,2015-03-21 22:47:56
342,112556,based on a book,2015-01-31 19:51:35
342,112556,marriage,2015-01-31 19:50:50
342,112556,meticulous,2015-01-31 19:51:22
342,112556,mindfuck,2015-01-31 19:51:06
342,112556,Neal Patrick Harris,2015-01-31 19:51:14
342,112556,unpredictable,2015-01-31 19:51:25
348,82,netflix,2011-08-17 22:02:23
348,302,netflix,2008-11-08 00:27:19
348,571,netflix,2011-02-09 22:08:10
348,608,black comedy,2011-02-09 22:21:05
348,930,oppl,2010-09-30 20:41:34
348,959,netflix,2010-01-06 22:56:52
348,974,own,2008-09-26 20:50:44
348,1123,netflix,2010-08-24 16:26:16
348,1162,netflix,2008-11-08 00:45:24
348,1281,netflix,2010-08-24 16:11:04
348,1412,oppl,2011-06-14 15:02:26
348,1834,netflix,2008-11-08 00:31:27
348,1939,oppl,2008-06-09 15:03:42
348,1942,Good Book Bad Movie,2010-01-08 03:42:49
348,2065,netflix,2012-01-10 17:28:34
348,2359,Ireland,2012-01-18 03:26:18
348,2359,Irish,2012-01-18 03:26:21
348,2359,NOT British,2012-01-18 03:26:01
348,3134,netflix,2011-08-17 22:10:14
348,3229,netflix,2010-01-06 22:42:15
348,3533,oppl,2011-02-09 20:48:35
348,4741,netflix,2011-08-15 18:29:07
348,4801,netflix,2010-01-06 22:52:08
348,5225,netflix,2008-11-08 00:41:36
348,5525,netflix,2010-08-24 16:16:44
348,5626,netflix,2012-01-10 17:32:46
348,6042,netflix,2009-05-31 03:51:33
348,6182,oppl,2008-11-08 00:40:43
348,6244,netflix,2010-08-24 16:27:54
348,6647,netflix,2010-07-12 17:25:03
348,6672,netflix,2011-02-09 21:51:44
348,6776,netflix,2009-05-31 03:52:46
348,6828,oppl,2011-02-09 20:50:49
348,6869,netflix,2011-08-17 22:04:01
348,7061,netflix,2010-01-06 22:52:58
348,7082,oppl,2008-11-08 00:48:38
348,7116,oppl,2010-09-26 03:58:24
348,7333,oppl,2011-02-09 20:44:23
348,7479,netflix,2010-01-06 22:55:30
348,7505,netflix,2010-08-24 16:15:27
348,7582,netflix,2010-01-06 22:40:58
348,7583,netflix,2010-01-06 22:57:55
348,7832,netflix,2010-05-27 15:56:18
348,7833,netflix,2010-05-27 15:55:29
348,7835,netflix,2010-05-27 15:57:03
348,7915,netflix,2011-02-09 21:57:23
348,8128,oppl,2010-08-17 13:36:46
348,8207,oppl,2010-09-26 03:56:16
348,8232,netflix,2011-08-15 19:45:07
348,8302,netflix,2010-08-24 16:10:02
348,8335,netflix,2010-02-23 14:48:47
348,8753,netflix,2010-08-24 15:59:37
348,8765,netflix,2011-02-09 20:45:40
348,8786,netflix,2011-08-17 21:44:53
348,8828,netflix,2010-01-06 23:05:48
348,8874,black comedy,2011-02-09 22:23:17
348,8933,netflix,2008-11-08 00:47:54
348,8971,netflix,2011-08-17 21:55:24
348,9000,netflix,2008-11-08 00:29:55
348,9010,netflix,2008-11-08 00:32:11
348,25769,netflix,2010-08-24 15:55:37
348,25828,netflix,2010-01-06 22:54:40
348,25850,KATHARINE Hepburn,2012-04-18 13:34:13
348,25868,netflix,2012-01-10 17:34:17
348,25886,netflix,2010-08-24 15:12:51
348,25906,netflix,2010-01-06 22:56:08
348,25943,netflix,2008-11-30 00:45:44
348,26116,oppl,2010-01-06 22:45:33
348,26222,netflix,2009-05-12 13:41:01
348,26324,netflix,2010-08-24 16:12:17
348,26325,netflix,2011-06-14 15:24:54
348,26395,netflix,2010-08-24 15:20:41
348,26463,netflix,2010-08-24 16:08:18
348,27002,netflix,2010-08-24 15:46:42
348,27255,netflix,2008-11-30 00:50:02
348,27716,netflix,2008-11-30 00:48:31
348,27866,netflix,2008-11-30 00:47:24
348,30745,netflix,2008-11-29 20:37:17
348,31547,netflix,2010-08-24 16:04:10
348,31903,netflix,2011-08-17 22:08:57
348,32025,netflix,2011-08-17 21:43:26
348,32657,netflix,2010-08-24 15:53:15
348,32853,netflix,2010-08-24 15:00:07
348,33288,netflix,2011-06-14 14:57:53
348,38198,netflix,2008-11-30 00:46:34
348,40010,netflix,2008-11-08 00:47:14
348,42197,black comedy,2011-02-09 22:21:26
348,42422,netflix,2009-06-09 14:34:58
348,43376,netflix,2011-08-17 21:41:28
348,44195,oppl,2008-11-08 00:30:33
348,44633,netflix,2008-12-26 05:54:47
348,46855,oppl,2012-01-10 17:30:32
348,46976,oppl,2008-06-27 17:40:13
348,47152,netflix,2011-08-17 21:56:45
348,47274,oppl,2010-08-24 14:21:52
348,47725,netflix,2009-12-18 04:39:02
348,47940,netflix,2008-11-29 21:14:34
348,48032,netflix,2011-08-15 18:23:26
348,48872,netflix,2008-11-30 00:23:10
348,49225,oppl,2010-08-24 14:23:31
348,50641,netflix,2010-12-09 02:40:17
348,50658,netflix,2008-11-29 21:04:54
348,51255,black comedy,2011-02-09 22:20:41
348,51773,netflix,2011-04-28 18:39:23
348,51991,oppl,2008-11-30 00:53:00
348,53161,not found,2008-11-29 21:19:35
348,53769,netflix,2008-11-29 21:15:52
348,53883,netflix,2011-02-09 22:04:27
348,54094,netflix,2009-05-31 03:48:41
348,54196,netflix,2008-11-07 20:52:16
348,54745,netflix,2008-11-08 00:26:00
348,54995,netflix,2008-11-08 00:13:32
348,55063,netflix,2008-11-30 00:29:07
348,55156,netflix,2009-06-09 15:35:21
348,55851,netflix,2008-11-07 20:50:31
348,55901,netflix,2009-06-09 15:24:51
348,56671,netflix,2009-06-09 15:36:30
348,57669,black comedy,2009-11-25 16:33:35
348,58191,netflix,2010-08-24 15:22:51
348,59440,anti-abortion,2010-06-22 19:53:55
348,59519,netflix,2008-11-07 21:09:38
348,59549,netflix,2009-06-09 15:18:40
348,59910,netflix,2009-01-06 16:14:16
348,60137,netflix,2011-02-09 22:12:30
348,60147,netflix,2008-11-07 20:57:06
348,61269,netflix,2011-09-13 21:56:36
348,63062, oppl,2009-03-24 12:47:39
348,63698,netflix,2009-06-09 15:47:51
348,64197,netflix,2009-06-09 15:23:03
348,64273,netflix,2009-06-09 15:45:43
348,64278,netflix,2009-06-09 15:44:15
348,64993,netflix,2009-06-09 15:23:54
348,65037,netflix,2009-06-09 15:21:30
348,65235,netflix,2009-06-18 15:04:08
348,67508,netflix,2010-05-18 13:49:22
348,67801,netflix,2010-02-23 14:53:51
348,68472,netflix,2011-08-17 21:46:11
348,68612,netflix,2010-02-23 14:56:43
348,68858,netflix,2010-06-26 17:32:10
348,68967,netflix,2010-08-17 13:34:26
348,69187,netflix,2009-10-06 13:52:38
348,69275,netflix,2010-02-23 15:22:08
348,69529,netflix,2009-08-18 20:40:21
348,69951,new,2010-01-07 22:01:29
348,70293,france,2009-08-12 14:53:05
348,70451,netflix,2011-08-15 16:28:11
348,70533,netflix,2010-01-26 14:45:12
348,70687,netflix,2010-01-03 18:31:21
348,70846,netflix,2010-01-26 14:43:35
348,71438,netflix,2011-04-28 18:31:33
348,71468,netflix,2010-01-26 14:48:00
348,71542,oppl,2010-02-23 14:40:26
348,71745,new,2010-01-03 18:38:12
348,72176,oppl,2010-02-23 15:16:57
348,72395,new,2010-01-03 18:38:21
348,72554,netflix,2011-02-09 21:59:14
348,72741,oppl,2010-02-23 14:52:03
348,73344,netflix,2010-06-26 17:46:06
348,73587,netflix,2011-02-09 20:04:21
348,73681,netflix,2011-08-15 18:24:52
348,74504,netflix,2011-04-28 18:33:17
348,74677,netflix,2010-05-18 13:52:34
348,75813,netflix,2010-06-26 17:33:32
348,76079,netflix,2010-06-26 17:40:40
348,76091,netflix,2010-06-26 17:37:57
348,77154,netflix,2010-06-26 17:40:22
348,77307,netflix,2011-02-09 20:06:20
348,77330,oppl,2010-09-28 15:29:30
348,77359,netflix,2010-06-26 17:50:01
348,77421,oppl,2011-02-09 20:12:26
348,77658,netflix,2010-08-24 15:03:24
348,77833,netflix,2011-10-28 17:02:02
348,77854,oppl,2011-02-09 20:54:18
348,78103,netflix,2011-10-28 17:25:33
348,78574,netflix,2010-06-26 17:17:54
348,78746,netflix,2011-02-09 20:16:40
348,79091,oppl,2011-02-09 20:17:57
348,79293,oppl,2011-02-09 20:36:05
348,79357,netflix,2010-08-24 14:15:24
348,80185,netflix,2011-02-09 19:45:37
348,80553,netflix,2011-02-09 20:31:55
348,80584,oppl,2011-02-09 20:35:10
348,80586,oppl,2011-02-09 20:30:12
348,80939,oppl,2011-02-09 20:29:17
348,81383,netflix,2011-02-09 20:27:23
348,81456,netflix,2011-08-15 16:31:58
348,81639,oppl,2011-02-09 20:32:44
348,81804,oppl,2011-08-15 19:47:56
348,82463,netflix,2011-06-14 15:01:02
348,83270,feminism,2011-04-28 18:26:48
348,83270,feminist,2011-04-28 18:26:48
348,83531,netflix,2011-09-13 21:45:49
348,84187,netflix,2011-04-28 18:29:51
348,85179,netflix,2011-04-28 18:36:52
348,85438,netflix,2011-08-15 16:30:11
348,86487,oppl,2012-01-10 17:17:00
348,88267,oppl,2011-10-28 17:03:35
348,89039,netflix,2012-01-10 17:20:17
348,90866,oppl,2012-04-23 14:27:13
348,91077,netflix,2012-04-23 14:31:09
348,93892,netflix,2012-04-23 14:27:40
348,93939,netflix,2012-04-23 14:34:59
359,340,Kevin Pederast,2007-10-05 09:58:02
359,1175,This Would Have Been Funnier If It Was A Horror Film,2006-05-23 09:44:52
359,1208,'Oh The Whore-ror!',2007-10-05 10:09:06
359,1247,'Wow Mrs. Robinson Your Porridge Is Just Right!',2008-01-08 10:03:31
359,1345,'Carrie I Don't Wanna Rain On Your Parade But That's Not Fruit Punch',2008-01-08 09:51:55
359,1372,'Oh Spock! Oh Jim! Oh Bones!' WTF!? Et Tu Herr Doktor? Heil!,2008-01-08 11:14:42
359,1502,Of Course It's Rigid! The Dude's In Full Rigor!,2007-08-26 13:43:42
359,1508,All Of A Sudden You Feel Guilty About Bangin' Yer Own Daughter Why Stop Now?,2007-08-26 13:39:27
359,1554,Ewe Mean Sausage McHoody With Eggs,2007-10-30 06:56:30
359,1674,'I Guess Repression Does Have It's Moments After All',2008-01-08 11:40:29
359,2076,'It's Not Where Your Dreams Take You But Who You Take In Your Dreams' hahaha!,2008-01-08 11:57:24
359,2087,'And Just What Do You Think You're Doing Mr. Smeee?',2008-01-01 11:55:31
359,2202,You Mean It's Over Inflated!,2006-12-12 07:13:17
359,2268,'That's All An Inmate Wants...Simple Pleasures',2008-01-08 11:02:45
359,2275,Guy Pierce With Dweeb Focals,2007-08-26 14:02:38
359,2359,'Didn't This Already Happen To Bernie?',2008-01-08 12:21:48
359,2745,Was The Mission About Finding A Position?,2006-08-25 13:54:11
359,3030,You Only Got 2 Bullets. I Have A Sword. You Will Miss. I Won't.,2007-08-28 13:01:08
359,3101,'Hey Dan Do You Mind Having Rabbit Stew For A Pick-Me-Up?',2008-01-08 10:40:02
359,3148,the book was bettah,2009-04-05 07:22:51
359,3192,Great Anti-Abortion Film,2007-08-26 13:24:22
359,3471,'Stop Banging The Doorbell I'm Landscaping My Kitchen Sink!',2008-01-08 10:17:31
359,3660,'I Can't Get That Theme Song Out Of My Head',2007-08-26 14:05:45
359,3709,Perfect Use Of Johnny & Santo's 1 Hit Wonder,2007-08-26 14:04:35
359,3755,'On A Steel Horse I Ride I'm Wanted (waaaanteeddd) Dead Or Alive',2008-01-08 10:48:41
359,4719,The 5-Second Rule Never Applies Near Animals Or In Zoos,2006-05-23 07:07:17
359,4975,Re-Fried For U.S.,2008-12-13 23:07:05
359,4978,The Mother Of Connect-The-Dots  Flix (Grand Canyon/Crash/ETC),2006-05-23 07:27:57
359,5319,'Don't Watch 'Criminal' Totally Butchered',2008-03-24 20:58:10
359,5807,'Yeah The Test Audience Thought That Was A Better Title...More Upbeat',2008-01-08 10:55:19
359,5956,'Know Why I Like Butchering Pigs? It's Like Killing Cops But Without The Jail Time',2008-01-08 12:06:02
359,5992,even crazy people like to be asked out,2009-04-05 05:08:40
359,5995,'The What?!',2008-01-08 10:57:31
359,6286,Sometimes Marriage Makes You Wanna Forget Why The Hell You Said YES,2006-12-07 08:13:59
359,6294,With A Name Like Chew Yer Fat A Crossover Is Not Possible,2006-02-27 13:30:00
359,6301,Even Dweebs Go Psycho If You Keep Making Fun Of Their Glasses,2006-12-07 08:44:26
359,6511,"'H Christ!\\""""",2008-01-08 10:22:12
359,6656,'Why Is Everyone Running Around With Puppets Up Their A**?!',2008-01-08 11:24:45
359,6708,'Alison Lohman Stole The Whole Damn Film',2008-01-08 11:50:30
359,6713,Animated Woody Allen Film...If He Made One,2007-08-26 13:45:30
359,6914,'I Have Never Had Any Foreign Relations With That Woman Hillary Lewinsky',2008-01-08 11:05:41
359,6963,...'Livin' In An Amish Paradise',2008-01-01 11:42:17
359,7143,'The Ninja Assault Gets A 3peat',2008-01-12 10:39:12
359,7442,"Just Great. Now Every1 Knows Ewan Is \\""Hooded\""\""""",2007-08-26 13:22:31
359,7828,'And When The Germans Came Over The Ridge They Suddenly Went Blind!',2008-01-08 10:34:15
359,7925,'Is That What He Called It?',2007-10-30 07:07:19
359,8295,Wasn't That Human Played By Ice-T?,2006-08-25 13:51:39
359,8367,If The Director Doesn't Care 2 Flesh Out A Film Why The Hell Should I Care What Happens 2 The Characters?,2007-04-14 05:45:26
359,8369,More Like Plothunters Or Why Did I Watch This?,2007-08-26 13:54:23
359,8505,'Is That What She Calls It?',2007-10-05 11:01:15
359,8720,Loved The Mouse Wake-Up,2007-08-26 13:26:19
359,8862,9ine Queens Was A Better Title...& Film,2007-08-26 13:32:50
359,8919,Hmmm I Wonder How Many Counselors Do Their Jobs Like That!,2007-08-26 13:29:25
359,26413,'That's Where You Enter From Behind After A Running Jump',2008-01-08 11:30:46
359,26464,Just Another F***ing A-Hole!,2007-08-19 08:21:12
359,26688,He Loses All Credibility When He Runs LOL!,2007-08-13 09:40:30
359,26696,Cynthia(Deborah Rennard) Was The Only Performer To Watch In This Drek! More Like L I O N A S S!,2007-08-19 07:39:30
359,26840,Takeshi Definitely Beat This Genre To The Ground,2006-06-17 04:25:53
359,27432,Fight For Your Dreams Because People Are Dying For Theirs,2006-05-23 07:21:44
359,27664,A Married Couples Excuse To Shag On Film,2007-08-13 11:20:06
359,27689,Merde!,2007-08-26 13:00:35
359,27846,Like Michael Crichton Sez Help Stop Gene Patenting! Or Sooner Than Later You Won't Even Own Your Cells!,2006-12-07 08:29:54
359,27904,Zoom In & Slo-Mo The Porking Scene With Ridin' Winona,2007-08-13 11:22:42
359,31410,'You Know What They Say About Short Men With Little Toes',2008-01-01 11:38:48
359,31617,'This Is My Gun. I Love To Touch My Gun. Touch My Gun.',2007-10-05 11:19:29
359,32582,A Deadhead With A Parrot Fetish,2006-05-23 03:00:09
359,32600,Tailoring Would Be Back In Style If More Women Appreciated Clothes In THAT Way!,2006-05-23 07:33:06
359,33358,Mrs. Jones Distracted Me The Whole Movie,2007-08-26 13:20:00
359,33592,Being Prostituted By Your Husband Is Never Romantic!,2007-08-19 07:58:15
359,33649,Wonderful Asian Film That Shows Why We Shouldn't Hide Who We Really Are,2006-06-17 04:59:50
359,33817,Emily Blunt Is Sooo Very...   She Was Amazing In Irresistable,2006-06-17 04:56:36
359,33823,Please Stop Re-Frying Books That Suck Donkey D***!,2006-06-17 04:54:13
359,34271,We All Gotta Have A Dream,2006-02-21 01:57:14
359,34323,Do People Really Have 2 Pay 10 Bucks To See How Cruel We Are To Each Other? Try Getting Married!,2006-06-17 04:49:42
359,34338,When It Comes Down To It Toilet Humor Always S(m)ells,2006-05-23 08:48:44
359,34437,It's The Journey Not The Destination That We Should Enjoy,2006-05-23 07:38:10
359,34542,Never Ever Discuss Your Lack Of Game To Wild Bears!,2006-02-21 02:01:50
359,35957,Never Trust Euro-Looking A-Holes @ The Airport.Com,2006-02-21 01:59:40
359,36517,'There's A Lotta These At Used Book Stores...Hmmm I Wonder Why It Sucks That Bad',2008-01-01 11:48:59
359,36529,I Don't Think Arms Dealers Look Anything Like Nick Cage,2006-02-21 01:45:41
359,36535,Where Can I Learn To Speak English Like That?,2007-08-26 13:59:39
359,36537,Teen Induced Angst Overdose,2006-02-21 01:44:20
359,37380,Half-Assed Productions,2006-02-21 01:36:21
359,37386,How Come Charlize Can Play A Serial Killer But She Can't Show More Skin Oh Come On!,2006-06-17 04:30:39
359,37729,Tim Burton Hits Another One Out Of The Cemetery,2006-02-21 01:41:42
359,37731,They Made This Already And It Was Titled: Football Factory It's Way Better Than This Re-Hash,2007-10-30 07:18:58
359,37853,Millions Of Dollars In Drugs Or One Hot Girlfriend...You Choose,2006-05-23 07:36:26
359,37855,Brighton Beach Memoirs & Juliana Moore,2008-08-27 00:22:43
359,37857,No Wonder Carneys Love The Life,2006-05-23 07:45:39
359,38188,What's Really Scary Is That There's People Like That In Real Life!,2006-06-17 04:42:47
359,38992,Isn't Renee Russo Like 100 Years Old? Matt! What Were You Thinking?,2006-06-17 04:34:13
359,39183,Cow Pokin' In Them Thar Hills,2007-08-03 15:25:29
359,39414,Steve Martin Is Scraping The Bottom HARD!,2006-04-29 08:58:57
359,39427,I Just Kept Hearing Massive Attack After The Car Accident,2007-08-26 13:41:41
359,40414,But What Did They Do After New Years: Resolve To Kill ALL My Enemies,2006-12-07 08:39:47
359,41285,It Just Goes To Show Ya Once The Ring Goes On It's Just Leftovers,2006-05-23 03:15:34
359,41571,"Years Of Degredation And Humiliation And They Sell Your \\""Mizuage\""\"" To The Creepiest Keymaster""",2006-05-23 07:57:01
359,41617,Even Princesses Want To Have Pig Sex Now & Again...& Again,2006-05-23 03:08:59
359,41997,Stop Killing Each Other You're Neighbors!,2006-05-23 03:21:21
359,42004,It's Not Just A Phase It's Really A Way Of Life,2006-06-17 04:21:26
359,42018,When You're Stressed Out Nudity Works Wonders For Your Nerves,2006-06-17 04:19:26
359,42418,No Matter What Century It Is Jungle Fever Is Very Contagious!,2006-05-23 07:35:25
359,42718,Parkour: Getting Around Obstacles A Great Complement To Being Alive,2006-08-25 13:41:21
359,42721,I Guess Nude Terminators Can't Kill A Really Bad Film,2006-06-17 04:17:15
359,42723,Oh No This Film Doesn't Promote Murder & Suffering It Just Encourages It!,2006-06-17 04:15:33
359,42725,Nick Swardson Should Have Been Lead His Timing Was Sic!,2006-06-17 04:11:12
359,42728,The Whole Tromeo & Juliet Threw Me Off But Thank Gawd They Didn't Talk Like Bill The Spear Shaker,2007-04-14 06:07:31
359,42734,What If The Big Bad Wolf & Grandma Were Swapping Spit?,2006-05-23 03:04:07
359,43556,An Orifice & A Gentle Hand Refried For '06,2006-05-23 02:57:43
359,43928,Read All The Negative Reviews & Save 2 Hours Of Your Life!,2006-03-07 00:40:18
359,44511,'Lemme Get This Straight. You Have No Idea Who You Are But You Wanna Be Famous?',2008-01-08 12:17:27
359,44759,If I See One More Roast Beef Sandwich You Will Smell My Reaction,2006-06-08 20:41:41
359,45062,"Obviously Hillary Had A Different Meaning For \\""Secret Service\""\""""",2006-05-23 02:51:17
359,45186,Ethan Hunt Should Stop Hogging The Screen!,2006-05-23 03:18:38
359,45431,'Priceline Negotiator!',2008-01-08 12:19:13
359,45442,The Power Of The P,2007-08-28 13:13:36
359,45730,Believe In Your Ability To See Stoopid Plotlines,2007-08-13 11:15:28
359,45732,Not Even Uma Could Save This Dizaster! Wanda Yikes!,2006-12-12 07:16:30
359,46322,It's Not Size Of Your Stick But Why You Keep On Swingin' It!,2006-12-07 08:21:44
359,46530,'So How Did Lois Survive Date Nite?',2007-10-30 07:22:09
359,46967,A Comedy Version Of Matchpoint,2007-08-13 11:10:03
359,48043,You Would Do Anything In The Universe To Get Rachael Weisz Back As Well,2006-12-07 07:25:18
359,48304,Or How The Last Of The Mohican Killed The Predator Escaping From The Thunderdome,2007-04-14 07:28:44
359,48385,'I Want To Meke Romance Explosion On Her Stomatch!',2007-08-13 10:44:42
359,48412,Kevin Cockner & Asstin Goocher Guarding Each Others Happy Holes,2007-08-13 10:53:35
359,48516,You Know It's Bad If It's Been Reheated...Again,2006-10-26 04:24:04
359,48520,No Amount Of Silly Cone Can Save A Steaming Pile Of Shitzu Like This,2006-12-07 07:44:49
359,48698,my child let me show you how firm my faith is,2008-07-30 08:57:18
359,48744,'Double Fudge Bus',2007-10-05 11:04:53
359,49265,Rwanda Genocide,2008-04-01 01:43:12
359,49265,Rwandan Genocide,2008-04-01 01:44:28
359,49272,Bond Would Never Ever Be Caught Driving A Frikkin FORD,2006-12-07 07:30:15
359,49278,Oh The Things I Could Do If Snow White Were A Console,2006-12-07 07:28:33
359,49314,What Happens To Batman When He Loses The Wayne Fortune,2007-01-06 04:55:31
359,49347,'There's Shit In The Meat!',2007-08-13 10:41:52
359,49961,'I Had No Idea That You Were A F****** Vampire!',2007-08-13 10:16:29
359,50068,It's Biased When Watanabe Uses A 45 And Kills Himself,2007-02-01 03:33:19
359,50442,Just In Timber Cake Must Die!,2007-03-07 09:47:04
359,50872,Pixar's Formula Starting To Get Stale,2007-08-03 15:12:59
359,51037,'It's Just Hostel 3 With Better Actors',2007-12-10 10:29:37
359,51255,It Just Keeps Getting Better,2007-08-13 09:57:11
359,51412,What's Up With The Da Vinci Hair Do,2007-08-13 10:02:42
359,51418,Not Another Mingella Stretcher! We Hates Them!,2007-08-19 08:14:28
359,51709,After The Reveal The Story Went Back Down And Never Came Up Again,2007-08-13 09:46:22
359,51935,It's 1 Part Bad Memories  1 Part Double Cross Add  A Twist Of Slime & Lots Of Good Vibrations!,2007-03-25 20:47:41
359,52328,'Please Tell Me We Brought The Lighter...Please',2007-10-05 10:52:56
359,52456,'Don't Look Into Berry's Headlights She'll Turn You Into Wood',2007-11-13 22:27:50
359,52458,Rear Pwnage,2007-11-01 12:02:32
359,52460,Karl Urban Needs To Pick Better Projects & He Needs 2 Pick-Up His Sword,2007-08-26 13:15:15
359,52604,Lecter Remarries & Kills His Insulting Wife & Butts Heds With Hotshot D.A.,2007-08-25 11:54:14
359,52717,'I'll Give You 10 Seconds Head Start...10!',2007-10-05 10:56:26
359,52867,'Saving Silverman Part Deux',2007-10-05 10:49:56
359,53123,'Take This Sinking Boat & Point It Home You Hoover Fixer Sucker Guuuyyy!',2008-01-09 13:37:58
359,53318,'Why Yes I Would So Love To Sketch Nudes In Costco!',2007-12-01 08:49:02
359,53464,'What I Really Wanna Know Is...Does Alba Get Sooper Nekkid?',2007-11-13 21:59:02
359,53550,'And So The Bear And Little Deiter Went Off Into The Mountains & Lived Like Homosexual Bears',2008-01-01 11:30:08
359,53894,'Now If Only Dubya Could Wash Me Whites,2007-11-21 10:24:39
359,54004,Chuck & Buck...,2007-10-05 10:41:25
359,54270,'More Like Skankwalkers',2007-11-13 22:16:40
359,54276,Mostly Martha Will Always Be The Best. Aron Eckhart? Ninja Pleaze!,2007-08-13 09:26:33
359,54503,Super De-Formed,2007-09-06 01:29:19
359,54736,'Don't Cry Jen I Promise We'll Kill Them All',2007-10-05 10:32:46
359,54775,The Director Should Be Be Shot...In The Mouth!,2007-08-25 11:30:20
359,54999,'Why Is My Arm Wet? Oh It's Just A Crushed Baby',2008-01-09 14:42:57
359,55080,'STFU!',2007-10-05 10:34:56
359,55272,'The Other Movie Did It's Job...This Must Be The Wrong Movie',2007-10-15 22:57:49
359,55276,'I Love You Anna!',2007-10-15 22:47:01
359,55282,30 Daze Of Shite,2007-10-22 20:45:52
359,55284,'Show Me The Money! I Can't Hear You Haji Scream Louder!',2007-11-13 22:06:28
359,55391,A Bad Copy Of Departed Which Was A Re-Hash Of Infernal Affairs,2008-02-03 08:09:21
359,55820,'Heads Or Tails...Call It',2007-12-01 10:01:34
359,55830,I felt sweded,2008-07-03 23:49:18
359,55995,'I Will Give My Kingdom For A Great Piece Of TWAT!',2007-11-20 02:32:59
359,56001,'I Don't Care If You Have Cholera It's Still Heads Or Tails...Call It',2007-12-01 09:00:29
359,56286,'Cate Dylan Hmmm...',2007-12-17 09:31:33
359,56757,'Oh Edward!  A Mr. Todd Would Like You To Cut His Hair',2008-01-01 11:07:32
359,56775,'It Should Have Been Kept A Secret',2008-01-01 11:12:47
359,56801,'AKA: I Will Never Get Those 2 Hours Back...Ever',2008-01-07 12:55:28
359,57368,blair gojira project,2008-06-16 09:36:49
359,57951,we can do this easy or we can do this reeal easy it's called magic hour,2008-07-30 08:35:51
359,58103,brain bang,2008-07-03 23:46:09
359,59731,that's what he keeps asking for,2008-12-13 20:55:56
359,60037,of course you keep seeing dead people...they're all dying!,2008-12-13 21:09:48
359,60333,not another herzog schwarzenneger egomentary,2008-12-13 20:59:38
359,60760,...that it's finally over,2008-12-13 21:05:31
359,60937,it's too bad Brendan can't shake the Encino Man syndrome,2008-10-11 17:16:57
359,61705,didja know there's a black police ociffer on our block? oh man there goes the neighborhood,2008-10-11 17:23:12
359,61705, ,2008-10-11 17:23:12
359,63033,'stop wanking,2009-04-27 09:45:57
359,63033,or you'll go...too late',2009-04-27 09:45:57
359,64497,all your vagine are belong to us!,2008-12-31 02:39:49
359,64575,P.S.H as a priest? oh you know he's guilty!,2008-12-31 03:43:48
359,64839,mickey 'the stretch' rourke,2009-01-18 01:36:25
359,64957,you mean he gets to go back inside the...oh lucky,2008-12-31 02:24:12
359,64983,no matter what role it is i will not change my persona everybody worships 'the cruise',2008-12-31 02:29:49
359,67197,shame on them!,2009-04-05 08:56:25
359,68554,angles and deadlines,2009-06-12 06:06:07
359,68650,crash re-hashed,2009-06-12 06:04:50
359,68791,good first try for MCG,2009-05-31 23:26:31
359,68791,should have been longer to really flesh out the feeling of bleakness and give a sense of a last hope more action more global feel,2009-05-31 23:26:31
359,69526,better method AI,2009-06-28 00:05:45
