movieId,Action,Adventure,Animation,Children,Comedy,Crime,Documentary,Drama,Fantasy,Film-Noir,Horror,IMAX,Musical,Mystery,Romance,Sci-Fi,Thriller,War,Western,imdbId,tmdbId,id,tmdb_title,imdb_id,overview,cast,director,tag
1,0,1,1,1,1,0,0,0,1,0,0,0,0,0,0,0,0,0,0,114709,862.0,,0,,0,0,0,0
2,0,1,0,1,0,0,0,0,1,0,0,0,0,0,0,0,0,0,0,113497,8844.0,,0,,0,0,0,0
3,0,0,0,0,1,0,0,0,0,0,0,0,0,0,1,0,0,0,0,113228,15602.0,,0,,0,0,0,0
4,0,0,0,0,1,0,0,1,0,0,0,0,0,0,1,0,0,0,0,114885,31357.0,,0,,0,0,0,0
5,0,0,0,0,1,0,0,0,0,0,0,0,0,0,0,0,0,0,0,113041,11862.0,,0,,0,0,0,0
6,1,0,0,0,0,1,0,0,0,0,0,0,0,0,0,0,1,0,0,113277,949.0,,0,,0,0,0,0
7,0,0,0,0,1,0,0,0,0,0,0,0,0,0,1,0,0,0,0,114319,11860.0,,0,,0,0,0,0
8,0,1,0,1,0,0,0,0,0,0,0,0,0,0,0,0,0,0,0,112302,45325.0,,0,,0,0,0,0
9,1,0,0,0,0,0,0,0,0,0,0,0,0,0,0,0,0,0,0,114576,9091.0,,0,,0,0,0,0
10,1,1,0,0,0,0,0,0,0,0,0,0,0,0,0,0,1,0,0,113189,710.0,,0,,0,0,0,0
11,0,0,0,0,1,0,0,1,0,0,0,0,0,0,1,0,0,0,0,112346,9087.0,,0,,0,0,0,0
12,0,0,0,0,1,0,0,0,0,0,1,0,0,0,0,0,0,0,0,112896,12110.0,,0,,0,0,0,0
13,0,1,1,1,0,0,0,0,0,0,0,0,0,0,0,0,0,0,0,112453,21032.0,,0,,0,0,0,0
14,0,0,0,0,0,0,0,1,0,0,0,0,0,0,0,0,0,0,0,113987,10858.0,,0,,0,0,0,0
15,1,1,0,0,0,0,0,0,0,0,0,0,0,0,1,0,0,0,0,112760,1408.0,,0,,0,0,0,0
16,0,0,0,0,0,1,0,1,0,0,0,0,0,0,0,0,0,0,0,112641,524.0,,0,,0,0,0,0
17,0,0,0,0,0,0,0,1,0,0,0,0,0,0,1,0,0,0,0,114388,4584.0,,0,,0,0,0,0
18,0,0,0,0,1,0,0,0,0,0,0,0,0,0,0,0,0,0,0,113101,5.0,5.0,0,113101.0,0,0,0,0
19,0,0,0,0,1,0,0,0,0,0,0,0,0,0,0,0,0,0,0,112281,9273.0,,0,,0,0,0,0
20,1,0,0,0,1,1,0,1,0,0,0,0,0,0,0,0,1,0,0,113845,11517.0,,0,,0,0,0,0
21,0,0,0,0,1,1,0,0,0,0,0,0,0,0,0,0,1,0,0,113161,8012.0,,0,,0,0,0,0
22,0,0,0,0,0,1,0,1,0,0,1,0,0,1,0,0,1,0,0,112722,1710.0,,0,,0,0,0,0
23,1,0,0,0,0,1,0,0,0,0,0,0,0,0,0,0,1,0,0,112401,9691.0,,0,,0,0,0,0
24,0,0,0,0,0,0,0,1,0,0,0,0,0,0,0,1,0,0,0,114168,12665.0,,0,,0,0,0,0
25,0,0,0,0,0,0,0,1,0,0,0,0,0,0,1,0,0,0,0,113627,451.0,,0,,0,0,0,0
26,0,0,0,0,0,0,0,1,0,0,0,0,0,0,0,0,0,0,0,114057,16420.0,,0,,0,0,0,0
27,0,0,0,1,0,0,0,1,0,0,0,0,0,0,0,0,0,0,0,114011,9263.0,,0,,0,0,0,0
28,0,0,0,0,0,0,0,1,0,0,0,0,0,0,1,0,0,0,0,114117,17015.0,,0,,0,0,0,0
29,0,1,0,0,0,0,0,1,1,0,0,0,0,1,0,1,0,0,0,112682,902.0,,0,,0,0,0,0
30,0,0,0,0,0,1,0,1,0,0,0,0,0,0,0,0,0,0,0,115012,37557.0,,0,,0,0,0,0
31,0,0,0,0,0,0,0,1,0,0,0,0,0,0,0,0,0,0,0,112792,9909.0,,0,,0,0,0,0
32,0,0,0,0,0,0,0,0,0,0,0,0,0,1,0,1,1,0,0,114746,63.0,,0,,0,0,0,0
33,0,1,0,0,0,0,0,0,0,0,0,1,0,0,1,0,0,0,0,114952,78802.0,,0,,0,0,0,0
34,0,0,0,1,0,0,0,1,0,0,0,0,0,0,0,0,0,0,0,112431,9598.0,,0,,0,0,0,0
35,0,0,0,0,0,0,0,1,0,0,0,0,0,0,1,0,0,0,0,112637,47018.0,,0,,0,0,0,0
36,0,0,0,0,0,1,0,1,0,0,0,0,0,0,0,0,0,0,0,112818,687.0,,0,,0,0,0,0
37,0,0,0,0,0,0,1,0,0,0,0,1,0,0,0,0,0,0,0,112286,139405.0,,0,,0,0,0,0
38,0,0,0,1,1,0,0,0,0,0,0,0,0,0,0,0,0,0,0,113442,33689.0,,0,,0,0,0,0
39,0,0,0,0,1,0,0,0,0,0,0,0,0,0,1,0,0,0,0,112697,9603.0,,0,,0,0,0,0
40,0,0,0,0,0,0,0,1,0,0,0,0,0,0,0,0,0,0,0,112749,34615.0,,0,,0,0,0,0
41,0,0,0,0,0,0,0,1,0,0,0,0,0,0,0,0,0,1,0,114279,31174.0,,0,,0,0,0,0
42,1,0,0,0,0,1,0,1,0,0,0,0,0,0,0,0,0,0,0,112819,11443.0,,0,,0,0,0,0
43,0,0,0,0,0,0,0,1,0,0,0,0,0,0,0,0,0,0,0,114272,35196.0,,0,,0,0,0,0
44,1,1,0,0,0,0,0,0,1,0,0,0,0,0,0,0,0,0,0,113855,9312.0,,0,,0,0,0,0
45,0,0,0,0,1,0,0,1,0,0,0,0,0,0,0,0,1,0,0,114681,577.0,,0,,0,0,0,0
46,0,0,0,0,0,0,0,1,0,0,0,0,0,0,1,0,0,0,0,113347,11861.0,,0,,0,0,0,0
47,0,0,0,0,0,0,0,0,0,0,0,0,0,1,0,0,1,0,0,114369,807.0,,0,,0,0,0,0
48,0,0,1,1,0,0,0,1,0,0,0,0,1,0,1,0,0,0,0,114148,10530.0,,0,,0,0,0,0
49,0,0,0,0,0,0,0,1,0,0,0,0,0,0,1,0,0,0,0,114916,8391.0,,0,,0,0,0,0
50,0,0,0,0,0,1,0,0,0,0,0,0,0,1,0,0,1,0,0,114814,629.0,,0,,0,0,0,0
51,1,0,0,0,0,0,0,1,0,0,0,0,0,0,0,0,1,0,0,109950,117164.0,,0,,0,0,0,0
52,0,0,0,0,1,0,0,1,0,0,0,0,0,0,1,0,0,0,0,113819,11448.0,,0,,0,0,0,0
53,0,1,0,0,0,0,0,1,0,0,0,0,0,0,0,0,0,0,0,110299,49133.0,,0,,0,0,0,0
54,0,0,0,1,1,0,0,0,0,0,0,0,0,0,0,0,0,0,0,112499,26441.0,,0,,0,0,0,0
55,0,0,0,0,0,0,0,1,0,0,0,0,0,0,0,0,0,0,0,113158,97406.0,,0,,0,0,0,0
56,0,1,0,1,0,0,0,0,1,0,0,0,0,0,0,0,0,0,0,113541,124057.0,,0,,0,0,0,0
57,0,0,0,0,0,0,0,1,0,0,0,0,0,0,0,0,0,0,0,113321,9089.0,,0,,0,0,0,0
58,0,0,0,0,1,0,0,1,0,0,0,0,0,0,1,0,0,0,0,110877,11010.0,,0,,0,0,0,0
59,0,0,0,0,0,0,0,1,0,0,0,0,0,1,0,0,0,0,0,112714,99040.0,,0,,0,0,0,0
60,0,1,0,1,0,0,0,0,1,0,0,0,0,0,0,0,0,0,0,113419,11359.0,,0,,0,0,0,0
61,0,0,0,0,0,0,0,1,0,0,0,0,0,0,0,0,1,0,0,116260,17182.0,,0,,0,0,0,0
62,0,0,0,0,0,0,0,1,0,0,0,0,0,0,0,0,0,0,0,113862,2054.0,,0,,0,0,0,0
63,0,0,0,0,1,1,0,0,0,0,0,0,0,0,0,0,0,0,0,116126,10607.0,,0,,0,0,0,0
64,0,0,0,0,1,0,0,0,0,0,0,0,0,0,1,0,0,0,0,118002,19760.0,,0,,0,0,0,0
65,0,0,0,0,1,0,0,0,0,0,0,0,0,0,0,0,0,0,0,115683,9536.0,,0,,0,0,0,0
66,1,0,0,0,0,0,0,0,0,0,0,0,0,0,0,1,1,0,0,116839,11525.0,,0,,0,0,0,0
67,0,0,0,0,0,0,0,1,0,0,0,0,0,0,0,0,0,0,0,114753,40628.0,,0,,0,0,0,0
68,0,0,0,0,1,0,0,0,0,0,0,0,0,0,1,0,0,0,0,113149,4482.0,,0,,0,0,0,0
69,0,0,0,0,1,0,0,0,0,0,0,0,0,0,0,0,0,0,0,113118,10634.0,,0,,0,0,0,0
70,1,0,0,0,1,0,0,0,0,0,1,0,0,0,0,0,1,0,0,116367,755.0,,0,,0,0,0,0
71,1,0,0,0,0,0,0,0,0,0,0,0,0,0,0,0,0,0,0,113010,11859.0,,0,,0,0,0,0
72,0,0,0,0,1,0,0,1,0,0,0,0,0,0,0,0,0,0,0,113537,28387.0,,0,,0,0,0,0
73,0,0,0,0,0,0,0,1,0,0,0,0,0,0,0,0,0,1,0,113828,48750.0,,0,,0,0,0,0
74,0,0,0,0,0,0,0,1,0,0,0,0,0,0,1,0,0,0,0,115644,20927.0,,0,,0,0,0,0
75,0,0,0,0,1,0,0,1,0,0,0,0,0,0,0,0,0,0,0,115676,36929.0,,0,,0,0,0,0
76,1,0,0,0,0,0,0,0,0,0,0,0,0,0,0,1,1,0,0,114367,9102.0,,0,,0,0,0,0
77,0,0,0,0,0,0,1,0,0,0,0,0,0,0,0,0,0,0,0,113973,124626.0,,0,,0,0,0,0
78,1,0,0,0,0,1,0,1,0,0,0,0,0,0,0,0,1,0,0,112744,27526.0,,0,,0,0,0,0
79,0,0,0,0,0,0,0,1,0,0,0,0,0,0,0,0,1,0,0,116731,9623.0,,0,,0,0,0,0
80,0,0,0,1,0,0,0,1,0,0,0,0,0,0,0,0,0,0,0,112445,46785.0,,0,,0,0,0,0
81,0,0,0,0,0,1,0,1,0,0,0,0,0,0,1,0,0,0,0,114660,400.0,,0,,0,0,0,0
82,0,0,0,0,1,0,0,1,0,0,0,0,0,0,0,0,0,0,0,112379,880.0,,0,,0,0,0,0
83,0,0,0,0,0,0,0,1,0,0,0,0,0,0,1,0,0,0,0,114039,146599.0,,0,,0,0,0,0
84,0,0,0,0,1,0,0,1,0,0,0,0,0,0,0,0,0,0,0,113612,188588.0,,0,,0,0,0,0
85,0,0,0,0,0,0,0,1,0,0,0,0,0,0,1,0,0,0,0,112365,8447.0,,0,,0,0,0,0
86,1,1,0,0,0,0,0,1,0,0,0,0,0,0,0,0,0,0,0,118158,10534.0,,0,,0,0,0,0
87,0,0,0,1,1,0,0,0,0,0,0,0,0,0,0,0,0,0,0,116151,17414.0,,0,,0,0,0,0
88,0,0,0,0,1,0,0,0,0,0,0,0,0,0,0,0,0,0,0,115697,13997.0,,0,,0,0,0,0
89,1,0,0,0,0,0,0,0,0,0,0,0,0,0,0,0,1,0,0,113972,2086.0,,0,,0,0,0,0
90,0,0,0,0,0,0,0,1,0,0,0,0,0,0,0,0,0,0,0,113490,61548.0,,0,,0,0,0,0
92,0,0,0,0,0,0,0,1,0,0,1,0,0,0,0,0,1,0,0,117002,9095.0,,0,,0,0,0,0
93,0,0,0,0,1,0,0,0,0,0,1,0,0,0,1,0,0,0,0,114825,12158.0,,0,,0,0,0,0
94,0,0,0,0,1,0,0,1,0,0,0,0,0,0,1,0,0,0,0,115639,9283.0,,0,,0,0,0,0
95,1,1,0,0,0,0,0,0,0,0,0,0,0,0,0,0,1,0,0,115759,9208.0,,0,,0,0,0,0
96,0,0,0,0,1,0,0,1,0,0,0,0,0,0,0,0,0,0,0,113403,40154.0,,0,,0,0,0,0
97,0,0,0,0,0,1,0,1,0,0,0,0,0,0,0,0,0,0,0,113247,406.0,,0,,0,0,0,0
98,1,0,0,0,0,0,0,0,0,0,0,0,0,0,0,0,1,0,0,111173,45549.0,,0,,0,0,0,0
99,0,0,0,0,0,0,1,0,0,0,0,0,0,0,0,0,0,0,0,113283,63076.0,,0,,0,0,0,0
100,0,0,0,0,0,0,0,1,0,0,0,0,0,0,0,0,1,0,0,115907,11062.0,,0,,0,0,0,0
101,0,1,0,0,1,1,0,0,0,0,0,0,0,0,1,0,0,0,0,115734,13685.0,,0,,0,0,0,0
102,0,0,0,0,1,0,0,0,0,0,0,0,0,0,0,0,0,0,0,117102,47475.0,,0,,0,0,0,0
103,0,0,0,0,0,0,0,0,0,0,0,0,0,1,0,1,1,0,0,118040,2045.0,,0,,0,0,0,0
104,0,0,0,0,1,0,0,0,0,0,0,0,0,0,0,0,0,0,0,116483,9614.0,,0,,0,0,0,0
105,0,0,0,0,0,0,0,1,0,0,0,0,0,0,1,0,0,0,0,112579,688.0,,0,,0,0,0,0
106,0,0,0,0,1,0,0,1,0,0,0,0,0,0,0,0,0,0,0,110251,11907.0,,0,,0,0,0,0
107,0,1,0,1,1,0,0,0,0,0,0,0,1,0,0,0,0,0,0,117110,10874.0,,0,,0,0,0,0
108,0,0,0,0,0,0,1,0,0,0,0,0,0,0,0,0,0,0,0,112646,89333.0,,0,,0,0,0,0
109,0,0,0,0,1,0,0,1,0,0,0,0,0,0,0,0,1,0,0,113276,96357.0,,0,,0,0,0,0
110,1,0,0,0,0,0,0,1,0,0,0,0,0,0,0,0,0,1,0,112573,197.0,,0,,0,0,0,0
111,0,0,0,0,0,1,0,1,0,0,0,0,0,0,0,0,1,0,0,75314,103.0,,0,,0,0,0,0
112,1,1,0,0,1,1,0,0,0,0,0,0,0,0,0,0,0,0,0,113326,33542.0,,0,,0,0,0,0
113,0,0,0,0,0,0,0,1,0,0,0,0,0,1,0,0,0,0,0,115645,43566.0,,0,,0,0,0,0
114,0,0,0,0,0,0,0,1,0,0,0,0,0,0,0,0,0,0,0,113774,71754.0,,0,,0,0,0,0
115,0,0,0,0,1,0,0,0,0,0,0,0,0,0,0,0,0,0,0,112556,43612.0,,0,,0,0,0,0
116,0,0,0,0,0,0,1,0,0,0,0,0,0,0,0,0,0,0,0,112373,51352.0,,0,,0,0,0,0
117,0,0,0,0,0,1,0,1,0,0,0,0,0,0,0,0,0,0,0,115033,16934.0,,0,,0,0,0,0
118,0,0,0,0,1,0,0,0,0,0,0,0,0,0,1,0,0,0,0,116606,10324.0,,0,,0,0,0,0
119,0,0,0,0,1,0,0,0,0,0,0,0,0,0,0,0,0,0,0,114536,78406.0,,0,,0,0,0,0
120,0,1,0,0,1,0,0,1,0,0,0,0,0,0,0,0,0,0,0,117427,55731.0,,0,,0,0,0,0
121,0,0,0,0,0,0,0,1,0,0,0,0,0,0,0,0,0,0,0,106473,32119.0,,0,,0,0,0,0
122,0,0,0,0,1,0,0,0,0,0,0,0,0,0,1,0,0,0,0,103859,11066.0,,0,,0,0,0,0
123,0,0,0,0,0,0,0,1,0,0,0,0,0,1,1,0,0,0,0,109424,11104.0,,0,,0,0,0,0
124,0,0,0,0,0,0,0,1,0,0,0,0,0,0,0,0,0,0,0,114808,37975.0,,0,,0,0,0,0
125,0,0,0,0,1,0,0,0,0,0,0,0,0,0,0,0,0,0,0,116324,2074.0,,0,,0,0,0,0
126,0,1,0,1,0,0,0,0,1,0,0,0,0,0,0,0,0,0,0,110647,27793.0,,0,,0,0,0,0
127,0,0,0,0,0,0,0,1,0,0,0,0,0,0,0,0,0,0,0,111055,44284.0,,0,,0,0,0,0
128,0,0,0,0,0,0,1,0,0,0,0,0,0,0,0,0,0,0,0,110217,290157.0,,0,,0,0,0,0
129,0,0,0,0,1,0,0,0,0,0,0,0,0,0,1,0,0,0,0,114131,110972.0,,0,,0,0,0,0
130,0,0,0,0,0,0,0,1,0,0,0,0,0,0,0,0,0,0,0,112364,32622.0,,0,,0,0,0,0
131,0,0,0,0,0,0,0,1,0,0,0,0,0,0,1,0,0,0,0,113107,73067.0,,0,,0,0,0,0
132,0,0,0,0,0,0,0,0,0,0,0,0,0,0,0,0,1,0,0,113451,11863.0,,0,,0,0,0,0
133,0,0,0,0,1,0,0,1,0,0,0,0,0,0,0,0,0,0,0,114015,55475.0,,0,,0,0,0,0
134,0,0,0,0,0,0,1,0,0,0,0,0,0,0,0,0,0,0,0,114500,124636.0,,0,,0,0,0,0
135,0,0,0,0,1,0,0,0,0,0,0,0,0,0,0,0,0,0,0,116130,9101.0,,0,,0,0,0,0
136,0,0,0,0,0,0,1,0,0,0,0,0,0,0,0,0,0,0,0,113125,123360.0,,0,,0,0,0,0
137,0,0,0,0,0,0,1,0,0,0,0,0,0,0,0,0,0,0,0,113756,5757.0,,0,,0,0,0,0
138,0,0,0,0,0,0,0,1,0,0,0,0,0,0,0,0,0,0,0,113952,39428.0,,0,,0,0,0,0
139,1,0,0,0,0,0,0,1,0,0,0,0,0,0,0,0,0,0,0,114618,124639.0,,0,,0,0,0,0
140,0,0,0,0,0,0,0,1,0,0,0,0,0,0,1,0,0,0,0,118055,9302.0,,0,,0,0,0,0
141,0,0,0,0,1,0,0,0,0,0,0,0,0,0,0,0,0,0,0,115685,11000.0,,0,,0,0,0,0
142,0,0,0,0,0,0,0,1,0,0,0,0,0,0,0,0,0,0,0,94878,,,0,,0,0,0,0
143,0,0,0,0,0,0,0,1,0,0,0,0,0,0,0,0,0,0,0,113200,249882.0,,0,,0,0,0,0
144,0,0,0,0,1,0,0,0,0,0,0,0,0,0,0,0,0,0,0,112585,16388.0,,0,,0,0,0,0
145,1,0,0,0,1,1,0,1,0,0,0,0,0,0,0,0,1,0,0,112442,9737.0,,0,,0,0,0,0
146,0,1,0,1,0,0,0,0,0,0,0,0,0,0,0,0,0,0,0,112342,30765.0,,0,,0,0,0,0
147,0,0,0,0,0,0,0,1,0,0,0,0,0,0,0,0,0,0,0,112461,10474.0,,0,,0,0,0,0
148,0,0,0,0,0,0,0,1,0,0,0,0,0,0,0,0,0,0,0,112427,22279.0,,0,,0,0,0,0
149,0,0,0,0,0,1,0,1,0,0,0,0,0,0,0,0,1,0,0,109093,30157.0,,0,,0,0,0,0
150,0,1,0,0,0,0,0,1,0,0,0,1,0,0,0,0,0,0,0,112384,568.0,,0,,0,0,0,0
151,1,0,0,0,0,0,0,1,0,0,0,0,0,0,1,0,0,1,0,114287,11780.0,,0,,0,0,0,0
152,0,0,0,0,0,0,0,1,0,0,1,0,0,0,0,0,0,0,0,112288,34996.0,,0,,0,0,0,0
153,1,1,0,0,1,1,0,0,0,0,0,0,0,0,0,0,0,0,0,112462,414.0,,0,,0,0,0,0
154,0,0,0,0,0,0,0,1,0,0,0,0,0,0,0,0,0,0,0,61395,649.0,,0,,0,0,0,0
155,0,1,0,0,0,0,0,1,0,0,0,0,0,0,0,0,0,1,0,112495,1873.0,,0,,0,0,0,0
156,0,0,0,0,1,0,0,1,0,0,0,0,0,0,0,0,0,0,0,112541,5894.0,,0,,0,0,0,0
157,0,0,0,0,1,0,0,0,0,0,0,0,0,0,0,0,0,1,0,109370,1775.0,,0,,0,0,0,0
158,0,1,0,1,0,0,0,0,0,0,0,0,0,0,0,0,0,0,0,112642,8839.0,,0,,0,0,0,0
159,0,0,0,0,0,1,0,1,0,0,0,0,0,1,0,0,0,0,0,112688,20649.0,,0,,0,0,0,0
160,1,1,0,0,0,0,0,0,0,0,0,0,0,1,0,1,0,0,0,112715,10329.0,,0,,0,0,0,0
161,0,0,0,0,0,0,0,1,0,0,0,0,0,0,0,0,1,1,0,112740,8963.0,,0,,0,0,0,0
162,0,0,0,0,0,0,1,0,0,0,0,0,0,0,0,0,0,0,0,109508,26564.0,,0,,0,0,0,0
163,1,0,0,0,0,0,0,0,0,0,0,0,0,0,1,0,0,0,1,112851,8068.0,,0,,0,0,0,0
164,0,0,0,0,0,1,0,0,0,1,0,0,0,1,0,0,1,0,0,112857,8512.0,,0,,0,0,0,0
165,1,0,0,0,0,1,0,0,0,0,0,0,0,0,0,0,1,0,0,112864,1572.0,,0,,0,0,0,0
166,0,0,0,0,1,1,0,1,0,0,0,0,0,0,0,0,0,0,0,112887,13552.0,,0,,0,0,0,0
167,0,0,0,0,0,0,0,1,0,0,0,0,0,0,0,0,0,0,0,113044,259209.0,,0,,0,0,0,0
168,1,0,0,0,0,0,0,1,0,0,0,0,0,0,1,0,0,0,0,113071,6520.0,,0,,0,0,0,0
169,0,1,0,1,0,0,0,1,0,0,0,0,0,0,0,0,0,0,0,113114,9073.0,,0,,0,0,0,0
170,1,1,0,0,0,1,0,0,0,0,0,0,0,0,0,0,1,0,0,113243,10428.0,,0,,0,0,0,0
171,0,0,0,0,1,0,0,1,0,0,0,0,0,0,0,0,0,0,0,113464,17447.0,,0,,0,0,0,0
172,1,0,0,0,0,0,0,0,0,0,0,0,0,0,0,1,1,0,0,113481,9886.0,,0,,0,0,0,0
173,1,0,0,0,0,1,0,0,0,0,0,0,0,0,0,1,0,0,0,113492,9482.0,,0,,0,0,0,0
174,0,0,0,0,1,0,0,0,0,0,0,0,0,0,0,0,0,0,0,113500,19326.0,,0,,0,0,0,0
175,0,0,0,0,0,0,0,1,0,0,0,0,0,0,0,0,0,0,0,113540,9344.0,,0,,0,0,0,0
176,0,0,0,0,1,0,0,0,0,0,0,0,0,0,0,0,0,0,0,113677,9071.0,,0,,0,0,0,0
177,0,0,0,0,0,0,0,0,0,0,1,0,0,0,0,0,0,0,0,113690,8973.0,,0,,0,0,0,0
178,0,0,0,0,1,0,0,1,0,0,0,0,0,0,0,0,0,0,0,107447,15730.0,,0,,0,0,0,0
179,0,0,0,0,0,0,0,1,0,0,0,0,0,0,1,0,0,0,0,113729,47608.0,,0,,0,0,0,0
180,0,0,0,0,1,0,0,0,0,0,0,0,0,0,1,0,0,0,0,113749,2293.0,,0,,0,0,0,0
181,1,0,0,1,0,0,0,0,0,0,0,0,0,0,0,0,0,0,0,113820,9070.0,,0,,0,0,0,0
182,0,0,0,0,0,0,0,1,0,0,0,0,0,0,1,0,0,0,0,113851,68274.0,,0,,0,0,0,0
183,0,0,0,0,1,0,0,0,0,0,1,0,0,0,0,0,1,0,0,110604,48787.0,,0,,0,0,0,0
184,0,0,0,0,0,0,0,1,0,0,0,0,0,0,0,0,0,0,0,110620,34574.0,,0,,0,0,0,0
185,1,0,0,0,0,1,0,0,0,0,0,0,0,0,0,0,1,0,0,113957,1642.0,,0,,0,0,0,0
186,0,0,0,0,1,0,0,0,0,0,0,0,0,0,1,0,0,0,0,113986,11472.0,,0,,0,0,0,0
187,0,0,0,0,1,0,0,0,0,0,0,0,0,0,0,0,0,0,0,114095,36196.0,,0,,0,0,0,0
188,0,0,0,0,0,0,0,0,1,0,1,0,0,1,0,0,0,0,0,114194,11980.0,,0,,0,0,0,0
189,0,0,0,0,1,0,0,0,1,0,0,0,0,0,0,0,0,0,0,114241,58372.0,,0,,0,0,0,0
190,0,0,0,0,0,0,0,0,0,0,0,0,0,0,0,0,1,0,0,114323,32646.0,,0,,0,0,0,0
191,0,0,0,0,0,0,0,1,0,0,0,0,0,0,1,0,0,0,0,114345,10533.0,,0,,0,0,0,0
192,0,0,0,0,0,0,1,0,0,0,0,0,0,0,0,0,0,0,0,114435,56088.0,,0,,0,0,0,0
193,0,0,0,0,0,0,0,1,0,0,0,0,0,0,0,0,0,0,0,114436,10802.0,,0,,0,0,0,0
194,0,0,0,0,1,0,0,1,0,0,0,0,0,0,0,0,0,0,0,114478,10149.0,,0,,0,0,0,0
195,0,0,0,0,1,0,0,1,0,0,0,0,0,0,1,0,0,0,0,114496,18402.0,,0,,0,0,0,0
196,0,0,0,0,0,0,0,0,0,0,1,0,0,0,0,1,0,0,0,114508,9348.0,,0,,0,0,0,0
197,0,0,0,0,0,0,0,1,0,0,0,0,0,0,0,0,0,0,0,114534,139408.0,,0,,0,0,0,0
198,1,0,0,0,0,1,0,1,0,0,0,0,0,1,0,1,1,0,0,114558,281.0,,0,,0,0,0,0
199,0,0,0,0,0,0,0,1,0,0,0,0,1,0,1,0,0,0,0,58450,5967.0,,0,,0,0,0,0
200,0,0,0,0,0,0,0,0,0,0,0,0,0,0,0,0,1,0,0,114666,79593.0,,0,,0,0,0,0
201,0,0,0,0,0,0,0,1,1,0,0,0,0,0,0,0,0,0,0,114663,47939.0,,0,,0,0,0,0
202,0,0,0,0,0,0,0,1,0,0,0,0,0,0,1,0,0,0,0,114702,36834.0,,0,,0,0,0,0
203,0,0,0,0,1,0,0,0,0,0,0,0,0,0,0,0,0,0,0,114682,9090.0,,0,,0,0,0,0
204,1,0,0,0,0,0,0,0,0,0,0,0,0,0,0,0,0,0,0,114781,3512.0,,0,,0,0,0,0
205,0,0,0,0,1,0,0,1,0,0,0,0,0,0,0,0,0,0,0,114798,52856.0,,0,,0,0,0,0
206,0,0,0,0,0,0,1,0,0,0,0,0,0,0,0,0,0,0,0,114805,77350.0,,0,,0,0,0,0
207,0,0,0,0,0,0,0,1,0,0,0,0,0,0,1,0,0,0,0,114887,9560.0,,0,,0,0,0,0
208,1,1,0,0,0,0,0,0,0,0,0,0,0,0,0,1,0,0,0,114898,9804.0,,0,,0,0,0,0
209,0,0,0,0,0,0,0,1,0,0,0,0,0,0,0,0,0,0,0,114928,31611.0,,0,,0,0,0,0
210,0,0,0,0,0,0,0,0,0,0,0,0,0,0,0,0,0,0,1,114938,65796.0,,0,,0,0,0,0
211,0,0,0,0,0,0,0,1,0,0,0,0,0,0,0,0,0,0,0,109340,49805.0,,0,,0,0,0,0
212,0,1,0,0,1,1,0,0,0,0,0,0,0,1,0,0,0,0,0,112602,26258.0,,0,,0,0,0,0
213,0,0,0,0,0,0,0,1,0,0,0,0,0,0,0,0,0,0,0,111579,50797.0,,0,,0,0,0,0
214,0,0,0,0,0,0,0,1,0,0,0,0,0,0,0,0,0,1,0,110882,19155.0,,0,,0,0,0,0
215,0,0,0,0,0,0,0,1,0,0,0,0,0,0,1,0,0,0,0,112471,76.0,,0,,0,0,0,0
216,0,0,0,0,1,0,0,0,0,0,0,0,0,0,0,0,0,0,0,112508,11017.0,,0,,0,0,0,0
217,0,0,0,0,0,0,0,1,0,0,0,0,0,0,0,0,1,0,0,112438,37141.0,,0,,0,0,0,0
218,0,0,0,0,1,0,0,1,0,0,0,0,0,0,0,0,0,0,0,112571,9382.0,,0,,0,0,0,0
219,0,0,0,0,0,0,0,1,0,0,0,0,0,0,0,0,0,0,0,112757,6715.0,,0,,0,0,0,0
220,0,0,0,0,0,0,0,0,0,0,1,0,0,0,0,0,0,0,0,112643,18256.0,,0,,0,0,0,0
222,0,0,0,0,0,0,0,1,0,0,0,0,0,0,1,0,0,0,0,112679,22625.0,,0,,0,0,0,0
223,0,0,0,0,1,0,0,0,0,0,0,0,0,0,0,0,0,0,0,109445,2292.0,,0,,0,0,0,0
224,0,0,0,0,1,0,0,1,0,0,0,0,0,0,1,0,0,0,0,112883,1909.0,,0,,0,0,0,0
225,0,0,0,0,0,0,0,1,0,0,0,0,0,0,0,0,1,0,0,109635,8984.0,,0,,0,0,0,0
226,0,0,0,0,0,0,0,0,0,0,0,0,0,0,0,0,1,0,0,112899,61813.0,,0,,0,0,0,0
227,1,0,0,0,0,0,0,0,0,0,0,0,0,0,0,0,1,0,0,109676,4954.0,,0,,0,0,0,0
228,0,0,0,0,1,0,0,0,0,0,0,0,0,0,0,0,0,0,0,112854,62488.0,,0,,0,0,0,0
229,0,0,0,0,0,0,0,1,0,0,0,0,0,0,0,0,1,0,0,109579,10531.0,,0,,0,0,0,0
230,0,0,0,0,0,0,0,1,0,0,0,0,0,0,0,0,1,0,0,109642,11929.0,,0,,0,0,0,0
231,0,1,0,0,1,0,0,0,0,0,0,0,0,0,0,0,0,0,0,109686,8467.0,,0,,0,0,0,0
232,0,0,0,0,1,0,0,1,0,0,0,0,0,0,1,0,0,0,0,111797,10451.0,,0,,0,0,0,0
233,0,0,0,0,0,0,0,1,0,0,0,0,0,0,0,0,0,0,0,109759,20156.0,,0,,0,0,0,0
234,0,0,0,0,1,0,0,0,0,0,0,0,0,0,0,0,0,0,0,109758,18395.0,,0,,0,0,0,0
235,0,0,0,0,1,0,0,1,0,0,0,0,0,0,0,0,0,0,0,109707,522.0,,0,,0,0,0,0
236,1,0,0,0,1,0,0,0,0,0,0,0,0,0,1,0,0,0,0,113117,397.0,,0,,0,0,0,0
237,0,0,0,0,1,0,0,0,0,0,0,0,0,0,1,0,0,0,0,113097,10525.0,,0,,0,0,0,0
238,0,1,0,1,0,0,0,0,0,0,0,0,0,0,0,0,0,0,0,113028,27985.0,,0,,0,0,0,0
239,0,0,1,1,1,0,0,0,0,0,0,0,0,0,1,0,0,0,0,113198,15789.0,,0,,0,0,0,0
240,0,0,0,0,0,0,0,0,0,0,0,0,0,0,0,0,1,0,0,113303,27303.0,,0,,0,0,0,0
241,0,0,0,1,0,0,0,1,0,0,0,0,0,0,0,0,0,0,0,113089,21183.0,,0,,0,0,0,0
242,0,0,0,0,0,0,0,1,0,0,0,0,1,0,0,0,0,0,0,109771,10954.0,,0,,0,0,0,0
243,0,0,0,1,1,0,0,0,1,0,0,0,0,0,0,0,0,0,0,113199,47867.0,,0,,0,0,0,0
244,0,0,1,1,0,0,0,0,0,0,0,0,0,0,0,0,0,0,0,113234,43475.0,,0,,0,0,0,0
245,0,0,0,0,0,1,0,1,0,0,0,0,0,0,0,0,0,0,0,109906,72031.0,,0,,0,0,0,0
246,0,0,0,0,0,0,1,0,0,0,0,0,0,0,0,0,0,0,0,110057,14275.0,,0,,0,0,0,0
247,0,0,0,0,0,1,0,1,0,0,0,0,0,0,0,0,0,0,0,110005,1024.0,,0,,0,0,0,0
248,0,0,0,0,1,0,0,0,0,0,0,0,0,0,0,0,0,0,0,110066,17207.0,,0,,0,0,0,0
249,0,0,0,0,0,0,0,1,0,0,0,0,0,0,1,0,0,0,0,110116,13701.0,,0,,0,0,0,0
250,0,0,0,1,1,0,0,0,0,0,0,0,0,0,0,0,0,0,0,110006,14819.0,,0,,0,0,0,0
251,1,0,0,0,0,0,0,0,0,0,0,0,0,0,0,0,0,0,0,113360,32631.0,,0,,0,0,0,0
252,0,0,0,0,1,0,0,0,0,0,0,0,0,0,1,0,0,0,0,110099,11777.0,,0,,0,0,0,0
253,0,0,0,0,0,0,0,1,0,0,1,0,0,0,0,0,0,0,0,110148,628.0,,0,,0,0,0,0
254,0,0,0,0,0,0,0,1,0,0,0,0,0,0,0,0,0,0,0,113463,87729.0,,0,,0,0,0,0
255,0,0,0,0,1,0,0,0,0,0,0,0,0,0,0,0,0,0,0,110189,18713.0,,0,,0,0,0,0
256,0,0,0,0,1,0,0,0,0,0,0,0,0,0,0,1,0,0,0,110216,6280.0,,0,,0,0,0,0
257,0,0,0,0,0,0,0,0,0,0,0,0,0,1,0,0,1,0,0,113501,9061.0,,0,,0,0,0,0
258,0,1,0,1,1,0,0,0,1,0,0,0,0,0,1,0,0,0,0,113538,37108.0,,0,,0,0,0,0
259,0,0,0,0,0,1,0,1,0,0,0,0,0,0,0,0,1,0,0,113552,6071.0,,0,,0,0,0,0
260,1,1,0,0,0,0,0,0,0,0,0,0,0,0,0,1,0,0,0,76759,11.0,11.0,0,76759.0,0,0,0,0
261,0,0,0,0,0,0,0,1,0,0,0,0,0,0,0,0,0,0,0,110367,9587.0,,0,,0,0,0,0
262,0,0,0,1,0,0,0,1,0,0,0,0,0,0,0,0,0,0,0,113670,19101.0,,0,,0,0,0,0
263,0,0,0,0,0,0,0,1,0,0,0,0,0,0,0,0,0,0,0,110296,49980.0,,0,,0,0,0,0
264,0,0,0,0,0,0,0,1,0,0,0,0,0,0,0,0,0,0,0,109731,17961.0,,0,,0,0,0,0
265,0,0,0,0,0,0,0,1,1,0,0,0,0,0,1,0,0,0,0,103994,18183.0,,0,,0,0,0,0
266,0,0,0,0,0,0,0,1,0,0,0,0,0,0,1,0,0,1,1,110322,4476.0,,0,,0,0,0,0
267,0,0,0,0,1,0,0,0,0,0,0,0,0,0,0,0,0,0,0,110443,11008.0,,0,,0,0,0,0
268,0,0,0,0,0,1,0,1,0,0,0,0,0,0,0,0,0,0,0,110365,47504.0,,0,,0,0,0,0
269,0,0,0,0,0,0,0,1,0,0,0,0,0,0,0,0,0,0,0,107566,32325.0,,0,,0,0,0,0
270,0,0,0,0,0,0,0,1,0,0,0,0,0,0,1,0,0,0,0,110391,43742.0,,0,,0,0,0,0
271,0,0,0,0,0,0,0,1,0,0,0,0,0,0,0,0,0,0,0,113691,28313.0,,0,,0,0,0,0
272,0,0,0,0,1,0,0,1,0,0,0,0,0,0,0,0,0,0,0,110428,11318.0,,0,,0,0,0,0
273,0,0,0,0,0,0,0,1,0,0,1,0,0,0,0,1,0,0,0,109836,3036.0,,0,,0,0,0,0
274,0,0,0,0,1,0,0,0,0,0,0,0,0,0,0,0,0,0,0,113755,40490.0,,0,,0,0,0,0
275,0,0,0,0,1,0,0,0,0,0,0,0,0,0,0,0,0,0,0,110538,24070.0,,0,,0,0,0,0
276,0,0,0,0,1,0,0,0,0,0,0,0,0,0,1,0,0,0,0,110516,8986.0,,0,,0,0,0,0
277,0,0,0,0,0,0,0,1,0,0,0,0,0,0,0,0,0,0,0,110527,10510.0,,0,,0,0,0,0
278,0,0,0,0,1,0,0,0,0,0,0,0,0,0,0,0,0,0,0,113808,17402.0,,0,,0,0,0,0
279,0,0,0,0,0,0,0,1,0,0,0,0,0,0,0,0,0,0,0,113896,38722.0,,0,,0,0,0,0
280,0,0,0,0,0,0,0,1,0,0,0,0,0,0,0,0,1,0,0,113870,8438.0,,0,,0,0,0,0
281,0,0,0,0,1,0,0,1,0,0,0,0,0,0,1,0,0,0,0,110684,11593.0,,0,,0,0,0,0
282,0,0,0,0,0,0,0,1,0,0,0,0,0,0,0,0,0,0,0,110638,1945.0,,0,,0,0,0,0
283,0,0,0,0,0,1,0,1,0,0,0,0,0,0,0,0,0,0,0,113967,39310.0,,0,,0,0,0,0
284,1,0,0,0,0,1,0,0,0,0,0,0,0,0,0,0,0,0,0,117169,109560.0,,0,,0,0,0,0
285,0,0,0,0,0,0,0,1,0,0,1,0,0,0,0,0,0,0,0,106402,56428.0,,0,,0,0,0,0
286,1,0,0,0,0,0,0,0,0,0,0,0,0,0,0,1,1,0,0,113948,63105.0,,0,,0,0,0,0
287,0,0,0,0,1,0,0,0,0,0,0,0,0,0,1,0,0,0,0,110671,131957.0,,0,,0,0,0,0
288,1,0,0,0,0,1,0,0,0,0,0,0,0,0,0,0,1,0,0,110632,241.0,,0,,0,0,0,0
289,0,0,0,0,1,0,0,0,0,0,0,0,0,0,1,0,0,0,0,110737,9058.0,,0,,0,0,0,0
290,0,0,0,0,0,1,0,1,0,0,0,0,0,0,0,0,0,0,0,110729,527.0,,0,,0,0,0,0
291,0,0,0,0,0,0,0,1,0,0,0,0,0,0,0,0,1,0,0,114151,18220.0,,0,,0,0,0,0
292,1,0,0,0,0,0,0,1,0,0,0,0,0,0,0,1,1,0,0,114069,6950.0,,0,,0,0,0,0
293,1,0,0,0,0,1,0,1,0,0,0,0,0,0,0,0,1,0,0,110413,101.0,,0,,0,0,0,0
294,0,0,0,0,1,0,0,0,0,0,0,0,0,0,1,0,0,0,0,114113,63020.0,,0,,0,0,0,0
295,0,0,0,0,1,0,0,0,0,0,0,0,0,0,1,0,0,0,0,114210,2307.0,,0,,0,0,0,0
296,0,0,0,0,1,1,0,1,0,0,0,0,0,0,0,0,1,0,0,110912,680.0,,0,,0,0,0,0
297,0,0,0,0,0,0,0,1,0,0,0,0,0,0,0,0,0,0,0,114084,41478.0,,0,,0,0,0,0
298,0,0,0,0,0,0,0,1,0,0,0,0,0,0,0,0,0,0,0,105652,25296.0,,0,,0,0,0,0
299,0,0,0,0,0,0,0,1,0,0,0,0,0,0,0,0,0,0,0,110889,40156.0,,0,,0,0,0,0
300,0,0,0,0,0,0,0,1,0,0,0,0,0,0,0,0,0,0,0,110932,11450.0,,0,,0,0,0,0
301,0,0,0,0,0,0,0,1,0,0,0,0,0,0,1,0,0,0,0,114129,30304.0,,0,,0,0,0,0
302,0,0,0,0,0,0,0,1,0,0,0,0,0,0,1,0,0,0,0,110963,10452.0,,0,,0,0,0,0
303,1,0,0,0,0,0,0,0,0,0,0,0,0,0,0,0,1,0,1,114214,12106.0,,0,,0,0,0,0
304,0,0,0,0,1,0,0,1,0,0,0,0,0,0,0,0,0,0,0,114296,161495.0,,0,,0,0,0,0
305,0,0,0,0,1,0,0,0,0,0,0,0,0,0,0,0,0,0,0,110907,3586.0,,0,,0,0,0,0
306,0,0,0,0,0,0,0,1,0,0,0,0,0,0,0,0,0,0,0,111495,110.0,,0,,0,0,0,0
307,0,0,0,0,0,0,0,1,0,0,0,0,0,0,0,0,0,0,0,108394,108.0,,0,,0,0,0,0
308,0,0,0,0,1,0,0,1,0,0,0,0,0,0,0,0,0,0,0,111507,109.0,,0,,0,0,0,0
309,0,0,0,0,0,0,0,1,0,0,0,0,0,0,0,0,0,0,0,110769,159185.0,,0,,0,0,0,0
310,0,0,0,0,1,0,0,0,0,0,0,0,0,0,0,0,0,0,0,114268,36357.0,,0,,0,0,0,0
311,0,0,0,0,0,0,0,0,0,0,1,0,0,0,0,0,1,0,0,110965,92769.0,,0,,0,0,0,0
312,0,0,0,0,1,0,0,0,0,0,0,0,0,0,0,0,0,0,0,114571,28033.0,,0,,0,0,0,0
313,0,0,1,1,0,0,0,0,0,0,0,0,0,0,0,0,0,0,0,111333,22586.0,,0,,0,0,0,0
314,0,0,0,1,0,0,0,1,1,0,0,0,0,1,0,0,0,0,0,111112,14334.0,,0,,0,0,0,0
315,1,0,0,0,0,0,0,1,0,0,0,0,0,0,0,0,1,0,0,111255,2636.0,,0,,0,0,0,0
316,1,1,0,0,0,0,0,0,0,0,0,0,0,0,0,1,0,0,0,111282,2164.0,,0,,0,0,0,0
317,0,0,0,0,1,0,0,1,1,0,0,0,0,0,0,0,0,0,0,111070,11395.0,,0,,0,0,0,0
318,0,0,0,0,0,1,0,1,0,0,0,0,0,0,0,0,0,0,0,111161,278.0,,0,,0,0,0,0
319,0,0,0,0,1,0,0,1,0,0,0,0,0,0,0,0,1,0,0,111149,9905.0,,0,,0,0,0,0
320,0,0,0,0,0,0,0,0,0,1,0,0,0,0,0,0,1,0,0,108260,87078.0,,0,,0,0,0,0
321,0,0,0,0,0,0,0,1,0,0,0,0,0,0,0,0,0,0,0,106966,12527.0,,0,,0,0,0,0
322,0,0,0,0,1,0,0,1,0,0,0,0,0,0,0,0,0,0,0,114594,20306.0,,0,,0,0,0,0
324,0,0,0,0,1,0,0,1,0,0,0,0,0,0,0,0,0,0,0,111309,36614.0,,0,,0,0,0,0
325,0,0,0,0,1,0,0,0,0,0,0,0,0,0,0,0,0,0,0,113936,27993.0,,0,,0,0,0,0
326,0,0,0,0,0,0,0,1,0,0,0,0,0,0,0,0,0,0,0,110081,31439.0,,0,,0,0,0,0
327,1,0,0,0,1,0,0,0,0,0,0,0,0,0,0,1,0,0,0,114614,9067.0,,0,,0,0,0,0
328,0,0,0,0,0,0,0,0,0,0,1,0,0,0,0,0,1,0,0,114608,9059.0,,0,,0,0,0,0
329,0,1,0,0,0,0,0,1,0,0,0,0,0,0,0,1,0,0,0,111280,193.0,,0,,0,0,0,0
330,1,0,0,0,0,1,0,0,0,0,1,0,0,0,0,0,0,0,0,114609,25066.0,,0,,0,0,0,0
331,0,0,0,0,0,0,0,1,0,0,0,0,0,0,0,0,0,0,0,111454,46797.0,,0,,0,0,0,0
332,0,0,0,0,0,0,0,0,0,0,1,0,0,0,0,1,0,0,0,114852,12122.0,,0,,0,0,0,0
333,0,0,0,0,1,0,0,0,0,0,0,0,0,0,0,0,0,0,0,114694,11381.0,,0,,0,0,0,0
334,0,0,0,0,0,0,0,1,0,0,0,0,0,0,0,0,0,0,0,111590,32636.0,,0,,0,0,0,0
335,0,0,0,0,0,0,0,0,0,0,0,0,0,1,0,0,1,0,0,114788,36141.0,,0,,0,0,0,0
336,0,0,0,0,0,0,0,1,0,0,0,0,0,0,0,0,0,1,0,114888,95963.0,,0,,0,0,0,0
337,0,0,0,0,0,0,0,1,0,0,0,0,0,0,0,0,0,0,0,108550,1587.0,,0,,0,0,0,0
338,1,0,0,0,0,0,0,0,0,0,0,0,0,0,0,1,1,0,0,114857,9271.0,,0,,0,0,0,0
339,0,0,0,0,1,0,0,0,0,0,0,0,0,0,1,0,0,0,0,114924,2064.0,,0,,0,0,0,0
340,0,1,0,0,0,0,0,1,0,0,0,0,0,0,0,0,0,1,0,111667,19855.0,,0,,0,0,0,0
341,0,0,0,0,0,0,0,1,0,0,0,0,0,0,0,0,0,0,0,109655,60855.0,,0,,0,0,0,0
342,0,0,0,0,1,0,0,0,0,0,0,0,0,0,0,0,0,0,0,110598,236.0,,0,,0,0,0,0
343,0,0,0,1,0,0,0,0,0,0,0,0,0,0,0,0,0,0,0,112435,48287.0,,0,,0,0,0,0
344,0,0,0,0,1,0,0,0,0,0,0,0,0,0,0,0,0,0,0,109040,3049.0,,0,,0,0,0,0
345,0,0,0,0,1,0,0,1,0,0,0,0,0,0,0,0,0,0,0,109045,2759.0,,0,,0,0,0,0
346,0,0,0,0,0,0,0,1,0,0,0,0,1,0,0,0,0,0,0,106339,12635.0,,0,,0,0,0,0
347,0,0,0,0,0,0,0,1,0,1,0,0,0,0,1,0,0,0,0,104779,10497.0,,0,,0,0,0,0
348,0,0,0,0,1,0,0,0,0,0,0,0,0,0,0,0,0,0,0,109348,11382.0,,0,,0,0,0,0
349,1,0,0,0,0,1,0,1,0,0,0,0,0,0,0,0,1,0,0,109444,9331.0,,0,,0,0,0,0
350,0,0,0,0,0,0,0,1,0,0,0,0,0,1,0,0,1,0,0,109446,10731.0,,0,,0,0,0,0
351,0,0,0,0,1,0,0,1,0,0,0,0,0,0,1,0,0,0,0,109484,10464.0,,0,,0,0,0,0
352,0,0,0,0,1,0,0,1,0,0,0,0,0,0,0,0,0,0,0,109504,34152.0,,0,,0,0,0,0
353,1,0,0,0,0,1,0,0,1,0,0,0,0,0,0,0,1,0,0,109506,9495.0,,0,,0,0,0,0
354,0,0,0,0,0,0,0,1,0,0,0,0,0,0,0,0,0,0,0,109450,29973.0,,0,,0,0,0,0
355,0,0,0,1,1,0,0,0,1,0,0,0,0,0,0,0,0,0,0,109813,888.0,,0,,0,0,0,0
356,0,0,0,0,1,0,0,1,0,0,0,0,0,0,1,0,0,1,0,109830,13.0,13.0,0,109830.0,0,0,0,0
357,0,0,0,0,1,0,0,0,0,0,0,0,0,0,1,0,0,0,0,109831,712.0,,0,,0,0,0,0
358,0,0,0,0,0,0,0,1,0,0,0,0,0,0,0,0,0,0,0,113305,16295.0,,0,,0,0,0,0
359,0,0,0,0,1,0,0,1,0,0,0,0,0,0,1,0,0,0,0,110091,48992.0,,0,,0,0,0,0
360,1,0,0,0,1,0,0,0,0,0,0,0,0,0,0,0,0,0,0,110093,10879.0,,0,,0,0,0,0
361,0,0,0,0,1,0,0,1,0,0,0,0,0,0,1,0,0,0,0,110167,10660.0,,0,,0,0,0,0
362,0,1,0,1,0,0,0,0,0,0,0,0,0,0,1,0,0,0,0,110213,10714.0,,0,,0,0,0,0
363,0,0,0,0,0,0,1,0,0,0,0,0,0,0,0,0,0,0,0,107472,41647.0,,0,,0,0,0,0
364,0,1,1,1,0,0,0,1,0,0,0,1,1,0,0,0,0,0,0,110357,8587.0,,0,,0,0,0,0
365,0,0,0,0,0,0,0,1,0,0,0,0,0,0,0,0,0,0,0,107426,1689.0,,0,,0,0,0,0
366,0,0,0,0,0,0,0,1,0,0,1,0,0,1,0,0,1,0,0,111686,11596.0,,0,,0,0,0,0
367,1,0,0,0,1,1,0,0,1,0,0,0,0,0,0,0,0,0,0,110475,854.0,,0,,0,0,0,0
368,0,1,0,0,1,0,0,0,0,0,0,0,0,0,0,0,0,0,1,110478,9359.0,,0,,0,0,0,0
369,0,0,0,0,0,0,0,1,0,0,0,0,0,0,0,0,0,0,0,110588,23333.0,,0,,0,0,0,0
370,1,0,0,0,1,0,0,0,0,0,0,0,0,0,0,0,0,0,0,110622,36593.0,,0,,0,0,0,0
371,0,0,0,0,1,0,0,1,0,0,0,0,0,0,0,0,0,0,0,110771,12280.0,,0,,0,0,0,0
372,0,0,0,0,1,0,0,1,0,0,0,0,0,0,1,0,0,0,0,110950,2788.0,,0,,0,0,0,0
373,0,0,0,0,0,0,0,0,0,0,0,0,0,0,0,0,1,0,0,105226,10427.0,,0,,0,0,0,0
374,0,0,0,1,1,0,0,0,0,0,0,0,0,0,0,0,0,0,0,110989,11011.0,,0,,0,0,0,0
375,0,0,0,0,0,0,0,1,0,0,0,0,0,0,0,0,0,0,0,111054,49803.0,,0,,0,0,0,0
376,1,0,0,0,0,0,0,0,0,0,0,0,0,0,0,0,1,0,0,110997,8987.0,,0,,0,0,0,0
377,1,0,0,0,0,0,0,0,0,0,0,0,0,0,1,0,1,0,0,111257,1637.0,,0,,0,0,0,0
378,0,0,0,0,1,0,0,0,0,0,0,0,0,0,1,0,0,0,0,111256,15128.0,,0,,0,0,0,0
379,1,0,0,0,0,0,0,0,0,0,0,0,0,0,0,1,1,0,0,111438,8831.0,,0,,0,0,0,0
380,1,1,0,0,1,0,0,0,0,0,0,0,0,0,1,0,1,0,0,111503,36955.0,,0,,0,0,0,0
381,0,0,0,0,0,0,0,1,0,0,0,0,0,0,1,0,0,0,0,111693,10449.0,,0,,0,0,0,0
382,0,0,0,0,0,0,0,1,0,0,1,0,0,0,1,0,1,0,0,111742,10395.0,,0,,0,0,0,0
383,0,0,0,0,0,0,0,0,0,0,0,0,0,0,0,0,0,0,1,111756,12160.0,,0,,0,0,0,0
384,1,0,0,0,0,1,0,1,0,0,0,0,0,0,0,0,0,0,0,112443,40480.0,,0,,0,0,0,0
385,0,0,0,0,0,0,0,1,0,0,0,0,0,0,0,0,0,0,0,110455,52038.0,,0,,0,0,0,0
386,0,0,0,0,0,0,0,1,0,0,0,0,0,0,0,0,0,0,0,111048,29444.0,,0,,0,0,0,0
387,1,0,0,0,1,0,0,0,0,0,0,0,0,0,0,0,0,0,0,110399,26352.0,,0,,0,0,0,0
388,0,0,0,0,0,0,0,1,0,0,0,0,0,0,0,0,0,0,0,112570,39953.0,,0,,0,0,0,0
389,0,0,0,0,0,0,0,1,0,0,0,0,0,0,1,0,0,1,0,109454,41580.0,,0,,0,0,0,0
390,1,0,0,0,0,1,0,1,0,0,0,0,0,0,0,0,0,0,0,59170,315.0,,0,,0,0,0,0
391,0,0,0,0,0,1,0,1,0,0,0,0,0,0,0,0,0,0,0,110186,22067.0,,0,,0,0,0,0
392,0,1,1,0,0,0,0,0,0,0,0,0,0,0,0,0,0,0,0,108069,18242.0,,0,,0,0,0,0
393,1,1,0,0,0,0,0,0,1,0,0,0,0,0,0,0,0,0,0,111301,11667.0,,0,,0,0,0,0
394,0,0,0,0,1,0,0,0,0,0,0,0,0,0,0,0,0,0,0,112702,32502.0,,0,,0,0,0,0
395,0,0,0,0,0,0,0,1,1,0,0,0,0,0,1,0,0,0,0,112849,267188.0,,0,,0,0,0,0
396,0,0,0,0,0,0,0,1,0,0,0,0,0,0,0,0,0,0,0,113014,28732.0,,0,,0,0,0,0
397,0,0,0,0,0,0,0,0,0,0,1,0,0,0,0,0,0,0,0,113043,75555.0,,0,,0,0,0,0
398,0,0,0,0,0,0,1,0,0,0,0,0,0,0,0,0,0,0,0,113104,42981.0,,0,,0,0,0,0
399,0,0,0,0,0,0,0,1,0,0,0,0,0,0,0,0,0,0,0,113173,278939.0,,0,,0,0,0,0
400,0,0,0,0,0,0,0,1,0,0,0,0,0,0,0,0,0,0,0,113319,291731.0,,0,,0,0,0,0
401,1,0,0,0,0,0,0,0,0,0,0,0,0,0,0,0,1,0,0,113827,226229.0,,0,,0,0,0,0
402,0,0,0,0,1,0,0,0,0,0,0,0,0,0,0,0,0,0,0,114047,203119.0,,0,,0,0,0,0
403,0,0,0,0,1,1,0,1,0,0,0,0,0,0,0,0,0,0,0,112889,172923.0,,0,,0,0,0,0
404,0,0,0,0,0,0,1,0,0,0,0,0,0,0,0,0,0,0,0,109339,316098.0,,0,,0,0,0,0
405,1,0,0,0,0,0,0,0,1,0,0,0,0,0,0,0,0,0,0,110027,8011.0,,0,,0,0,0,0
406,0,0,0,0,0,0,0,1,0,0,0,0,0,0,0,0,0,0,0,109785,171857.0,,0,,0,0,0,0
407,0,0,0,0,0,0,0,0,0,0,1,0,0,0,0,0,1,0,0,113409,2654.0,,0,,0,0,0,0
408,0,0,0,0,0,0,0,1,0,0,0,0,0,0,0,0,0,0,0,109021,18069.0,,0,,0,0,0,0
409,0,0,0,0,0,1,0,1,0,0,0,0,0,0,0,0,0,0,0,109035,19092.0,,0,,0,0,0,0
410,0,0,0,1,1,0,0,0,1,0,0,0,0,0,0,0,0,0,0,106220,2758.0,,0,,0,0,0,0
411,0,0,0,0,1,0,1,0,0,0,0,0,0,0,0,0,0,0,0,111804,38129.0,,0,,0,0,0,0
412,0,0,0,0,0,0,0,1,0,0,0,0,0,0,0,0,0,0,0,106226,10436.0,,0,,0,0,0,0
413,0,0,0,0,1,0,0,0,0,0,0,0,0,0,0,0,0,0,0,109068,13595.0,,0,,0,0,0,0
414,0,0,0,0,1,0,0,0,0,0,0,0,0,0,0,0,0,0,0,109067,46094.0,,0,,0,0,0,0
415,0,0,0,0,1,0,0,0,0,0,0,0,0,0,0,0,1,0,0,106292,9409.0,,0,,0,0,0,0
416,0,0,0,0,0,0,0,0,0,0,0,0,0,0,0,0,0,0,1,109198,11853.0,,0,,0,0,0,0
417,0,0,0,0,1,0,0,0,0,0,0,0,0,0,1,0,0,0,0,109219,16771.0,,0,,0,0,0,0
418,0,0,0,0,0,0,0,1,0,0,0,0,0,0,0,0,0,0,0,106379,46924.0,,0,,0,0,0,0
419,0,0,0,0,1,0,0,0,0,0,0,0,0,0,0,0,0,0,0,106400,11041.0,,0,,0,0,0,0
420,1,0,0,0,1,1,0,0,0,0,0,0,0,0,0,0,1,0,0,109254,306.0,,0,,0,0,0,0
421,0,1,0,1,0,0,0,1,0,0,0,0,0,0,0,0,0,0,0,109279,14522.0,,0,,0,0,0,0
422,0,0,0,0,0,0,0,0,0,0,0,0,0,0,0,0,1,0,0,109297,26203.0,,0,,0,0,0,0
423,1,0,0,0,0,0,0,0,0,0,0,0,0,0,0,0,1,0,0,109303,178.0,,0,,0,0,0,0
424,0,0,0,0,0,0,0,1,0,0,0,0,0,0,0,0,0,0,0,109305,19819.0,,0,,0,0,0,0
425,0,0,0,0,0,0,0,1,0,0,0,0,0,0,1,0,0,0,0,109306,57834.0,,0,,0,0,0,0
426,0,0,0,0,0,0,0,0,0,0,1,0,0,0,0,1,1,0,0,106452,4722.0,,0,,0,0,0,0
427,0,0,0,0,0,0,0,1,0,0,0,0,0,1,1,0,1,0,0,106471,18215.0,,0,,0,0,0,0
428,0,0,0,0,0,0,0,1,0,0,0,0,0,0,0,0,0,0,0,106489,1607.0,,0,,0,0,0,0
429,0,0,0,0,1,0,0,0,0,0,0,0,0,0,0,0,0,0,0,109361,26391.0,,0,,0,0,0,0
430,0,0,0,0,1,0,0,1,0,0,0,0,0,0,0,0,0,0,0,106505,117553.0,,0,,0,0,0,0
431,0,0,0,0,0,1,0,1,0,0,0,0,0,0,0,0,0,0,0,106519,6075.0,,0,,0,0,0,0
432,0,1,0,0,1,0,0,0,0,0,0,0,0,0,0,0,0,0,1,109439,11310.0,,0,,0,0,0,0
433,0,0,0,0,1,0,0,0,0,0,0,0,0,0,0,0,0,0,0,109443,18658.0,,0,,0,0,0,0
434,1,1,0,0,0,0,0,0,0,0,0,0,0,0,0,0,1,0,0,106582,9350.0,,0,,0,0,0,0
435,0,0,0,0,1,0,0,0,0,0,0,0,0,0,0,1,0,0,0,106598,9612.0,,0,,0,0,0,0
436,0,0,0,0,0,0,0,1,0,0,0,0,0,0,0,0,1,0,0,109456,2124.0,,0,,0,0,0,0
437,0,0,0,0,1,0,0,0,0,0,0,0,0,0,0,0,0,0,0,109480,26261.0,,0,,0,0,0,0
438,1,0,0,0,1,0,0,1,0,0,0,0,0,0,0,0,0,0,0,109493,19176.0,,0,,0,0,0,0
439,0,0,0,0,0,0,0,1,0,0,0,0,0,0,0,0,0,0,0,106660,49299.0,,0,,0,0,0,0
440,0,0,0,0,1,0,0,0,0,0,0,0,0,0,1,0,0,0,0,106673,11566.0,,0,,0,0,0,0
441,0,0,0,0,1,0,0,0,0,0,0,0,0,0,0,0,0,0,0,106677,9571.0,,0,,0,0,0,0
442,1,1,0,0,0,0,0,0,0,0,0,0,0,0,0,1,0,0,0,106697,9739.0,,0,,0,0,0,0
443,0,1,0,0,0,0,1,0,0,0,0,0,0,0,0,0,0,0,0,109729,24257.0,,0,,0,0,0,0
444,0,0,0,0,1,0,0,0,0,0,0,0,0,0,1,0,0,0,0,106834,34444.0,,0,,0,0,0,0
445,0,0,0,0,1,0,0,0,0,0,0,0,0,0,0,0,0,0,0,106873,26141.0,,0,,0,0,0,0
446,0,0,0,0,0,0,0,1,0,0,0,0,0,0,1,0,0,0,0,106332,10997.0,,0,,0,0,0,0
447,0,0,0,0,1,0,0,0,0,0,0,0,0,0,1,0,0,0,0,109783,50463.0,,0,,0,0,0,0
448,0,0,0,0,0,0,0,1,0,0,0,0,0,0,0,0,0,0,0,106881,10443.0,,0,,0,0,0,0
449,0,0,0,0,1,0,0,0,0,0,0,0,0,0,0,0,0,0,0,106880,20239.0,,0,,0,0,0,0
450,0,0,0,0,1,0,0,1,0,0,0,0,0,0,0,0,0,0,0,111732,16297.0,,0,,0,0,0,0
451,0,0,0,0,0,0,0,1,0,0,0,0,0,1,1,0,0,0,0,106926,18551.0,,0,,0,0,0,0
452,0,0,0,0,0,0,0,1,0,0,0,0,0,0,0,0,0,0,0,111712,25440.0,,0,,0,0,0,0
453,0,0,0,0,1,0,0,0,0,0,0,0,0,0,1,0,0,0,0,106941,9024.0,,0,,0,0,0,0
454,0,0,0,0,0,0,0,1,0,0,0,0,0,0,0,0,1,0,0,106918,37233.0,,0,,0,0,0,0
455,0,1,0,1,0,0,0,1,0,0,0,0,0,0,0,0,0,0,0,106965,1634.0,,0,,0,0,0,0
456,0,0,0,0,0,1,0,1,0,0,0,0,0,0,0,0,1,0,0,109842,13815.0,,0,,0,0,0,0
457,0,0,0,0,0,0,0,0,0,0,0,0,0,0,0,0,1,0,0,106977,5503.0,,0,,0,0,0,0
458,0,0,0,0,0,0,0,1,0,0,0,0,0,0,0,0,0,0,1,107004,35588.0,,0,,0,0,0,0
459,1,1,0,0,0,1,0,1,0,0,0,0,0,0,1,0,1,0,0,109890,2087.0,,0,,0,0,0,0
460,0,0,0,0,1,0,0,0,0,0,0,0,0,0,0,0,0,0,0,109891,41579.0,,0,,0,0,0,0
461,0,0,0,0,0,0,0,1,0,0,0,0,0,0,1,0,0,0,0,109913,18620.0,,0,,0,0,0,0
462,1,1,0,0,0,0,0,0,0,0,0,0,0,0,0,0,0,0,0,109920,41006.0,,0,,0,0,0,0
463,0,0,0,0,0,1,0,1,0,0,0,0,0,0,0,0,1,0,0,107057,4916.0,,0,,0,0,0,0
464,1,1,0,0,0,1,0,0,0,0,0,0,0,0,0,0,1,0,0,107076,2019.0,,0,,0,0,0,0
465,1,0,0,0,0,0,0,1,0,0,0,0,0,0,0,0,0,1,0,107096,31642.0,,0,,0,0,0,0
466,1,0,0,0,1,0,0,0,0,0,0,0,0,0,0,0,0,1,0,107144,9255.0,,0,,0,0,0,0
467,0,0,0,0,1,0,0,0,0,0,0,0,0,0,0,0,0,0,0,113674,26271.0,,0,,0,0,0,0
468,0,0,0,0,1,0,0,0,0,0,0,0,0,0,1,0,0,0,0,112966,10612.0,,0,,0,0,0,0
469,0,0,0,0,0,0,0,1,0,0,0,0,0,0,1,0,0,0,0,107151,2259.0,,0,,0,0,0,0
470,0,0,0,0,1,0,0,0,0,0,0,0,0,0,0,0,0,0,0,110064,16097.0,,0,,0,0,0,0
471,0,0,0,0,1,0,0,0,0,0,0,0,0,0,0,0,0,0,0,110074,11934.0,,0,,0,0,0,0
472,0,0,0,0,1,0,0,1,0,0,0,0,0,0,0,0,0,0,0,110097,106143.0,,0,,0,0,0,0
473,0,0,0,0,1,0,0,0,0,0,0,0,0,0,0,0,0,1,0,110123,12475.0,,0,,0,0,0,0
474,1,0,0,0,0,0,0,0,0,0,0,0,0,0,0,0,1,0,0,107206,9386.0,,0,,0,0,0,0
475,0,0,0,0,0,0,0,1,0,0,0,0,0,0,0,0,0,0,0,107207,7984.0,,0,,0,0,0,0
476,0,0,0,0,1,0,0,1,0,0,0,0,0,0,0,0,0,0,0,110137,59930.0,,0,,0,0,0,0
477,0,0,0,0,0,0,0,1,0,0,0,0,1,0,0,0,0,0,0,108551,15765.0,,0,,0,0,0,0
478,0,0,0,0,1,1,0,1,0,0,0,0,0,0,0,0,0,0,0,110197,31643.0,,0,,0,0,0,0
479,1,0,0,0,0,1,0,0,0,0,0,0,0,0,0,0,1,0,0,107286,6.0,6.0,0,107286.0,0,0,0,0
480,1,1,0,0,0,0,0,0,0,0,0,0,0,0,0,1,1,0,0,107290,329.0,,0,,0,0,0,0
481,0,0,0,0,0,0,0,1,0,0,0,0,0,0,0,0,1,0,0,107302,10909.0,,0,,0,0,0,0
482,0,0,0,0,0,1,0,1,0,0,0,0,0,0,0,0,1,0,0,110265,507.0,,0,,0,0,0,0
483,0,0,0,0,0,0,0,1,0,0,0,0,0,0,0,0,0,0,0,107322,34024.0,,0,,0,0,0,0
484,0,1,0,1,0,0,0,0,0,0,0,0,0,0,0,0,0,0,0,110305,29918.0,,0,,0,0,0,0
485,1,1,0,0,1,0,0,0,1,0,0,0,0,0,0,0,0,0,0,107362,9593.0,,0,,0,0,0,0
486,0,0,0,0,1,0,0,0,0,0,0,0,0,0,0,0,0,0,0,107413,42580.0,,0,,0,0,0,0
487,0,0,0,0,1,0,0,0,0,0,0,0,0,0,0,0,0,0,1,110353,22317.0,,0,,0,0,0,0
488,0,0,0,0,0,0,0,1,0,0,0,0,0,0,1,0,0,0,0,107468,1413.0,,0,,0,0,0,0
489,0,0,0,0,1,0,0,0,0,0,0,0,0,0,0,0,0,0,0,107478,12121.0,,0,,0,0,0,0
490,0,0,0,0,0,0,0,0,0,0,0,0,0,0,0,0,1,0,0,107497,2246.0,,0,,0,0,0,0
491,0,0,0,0,0,0,0,1,0,0,0,0,0,0,0,0,0,0,0,107501,10502.0,,0,,0,0,0,0
492,0,0,0,0,1,0,0,0,0,0,0,0,0,1,0,0,0,0,0,107507,10440.0,,0,,0,0,0,0
493,1,0,0,0,0,1,0,1,0,0,0,0,0,0,0,0,0,0,0,107554,9516.0,,0,,0,0,0,0
494,1,1,0,0,0,0,0,0,0,0,0,0,0,0,0,0,1,0,0,116253,2320.0,,0,,0,0,0,0
495,0,0,0,0,0,0,0,1,0,0,0,0,0,0,0,0,0,0,0,74102,5879.0,,0,,0,0,0,0
496,0,0,0,0,1,0,0,1,0,0,0,0,0,0,1,0,1,0,0,111689,83718.0,,0,,0,0,0,0
497,0,0,0,0,1,0,0,0,0,0,0,0,0,0,1,0,0,0,0,107616,11971.0,,0,,0,0,0,0
498,0,0,0,0,0,0,0,1,0,0,0,0,0,0,1,0,0,0,0,107611,2625.0,,0,,0,0,0,0
499,0,0,0,0,1,0,0,0,0,0,0,0,0,0,1,0,0,0,0,107613,31911.0,,0,,0,0,0,0
500,0,0,0,0,1,0,0,1,0,0,0,0,0,0,0,0,0,0,0,107614,788.0,,0,,0,0,0,0
501,0,0,0,0,0,0,0,1,0,0,0,0,0,0,0,0,0,0,0,107653,21450.0,,0,,0,0,0,0
502,1,0,0,1,0,0,0,0,0,0,0,0,0,0,1,0,0,0,0,110657,11231.0,,0,,0,0,0,0
503,0,0,0,0,0,0,0,1,0,0,0,0,0,0,0,0,0,0,0,110649,41588.0,,0,,0,0,0,0
504,1,0,0,0,0,0,0,1,0,0,0,0,0,0,0,1,0,0,0,110678,10447.0,,0,,0,0,0,0
505,0,0,0,0,1,0,0,0,0,0,0,0,0,0,0,0,0,0,0,110687,31586.0,,0,,0,0,0,0
506,0,0,0,0,0,0,0,1,1,0,0,0,0,0,1,0,0,0,0,107756,9300.0,,0,,0,0,0,0
507,0,0,0,0,0,1,0,1,0,0,0,0,0,0,0,0,1,0,0,107808,9559.0,,0,,0,0,0,0
508,0,0,0,0,0,0,0,1,0,0,0,0,0,0,0,0,0,0,0,107818,9800.0,,0,,0,0,0,0
509,0,0,0,0,0,0,0,1,0,0,0,0,0,0,1,0,0,0,0,107822,713.0,,0,,0,0,0,0
510,0,0,0,0,0,0,0,1,0,0,0,0,0,0,0,0,0,0,0,107840,8291.0,,0,,0,0,0,0
511,1,0,0,0,0,0,0,1,0,0,0,0,0,0,0,0,0,0,0,107889,18133.0,,0,,0,0,0,0
512,0,0,0,0,0,0,0,0,0,0,1,0,0,0,0,1,0,0,0,111003,25557.0,,0,,0,0,0,0
513,0,0,0,0,1,0,0,0,0,0,0,0,0,1,1,0,0,0,0,110939,22588.0,,0,,0,0,0,0
514,0,0,0,0,1,0,0,0,0,0,0,0,0,0,0,0,0,0,0,110955,10872.0,,0,,0,0,0,0
515,0,0,0,0,0,0,0,1,0,0,0,0,0,0,1,0,0,0,0,107943,1245.0,,0,,0,0,0,0
516,0,0,0,0,1,0,0,1,0,0,0,0,0,0,0,0,0,0,0,110971,11858.0,,0,,0,0,0,0
517,1,0,0,0,0,0,0,1,0,0,0,0,0,1,0,0,0,0,0,107969,7007.0,,0,,0,0,0,0
518,0,0,0,0,1,0,0,0,0,0,0,0,0,0,0,0,0,0,0,111001,10467.0,,0,,0,0,0,0
519,1,0,0,0,0,1,0,1,0,0,0,0,0,0,0,1,1,0,0,107978,5550.0,,0,,0,0,0,0
520,0,0,0,0,1,0,0,0,0,0,0,0,0,0,0,0,0,0,0,107977,8005.0,,0,,0,0,0,0
521,0,0,0,0,0,1,0,0,0,0,0,0,0,0,0,0,1,0,0,107983,2088.0,,0,,0,0,0,0
522,1,0,0,0,0,0,0,1,0,0,0,0,0,0,0,0,0,0,0,105275,10412.0,,0,,0,0,0,0
523,0,0,0,0,0,0,0,1,0,0,0,0,0,0,0,0,0,0,0,108000,47889.0,,0,,0,0,0,0
524,0,0,0,0,0,0,0,1,0,0,0,0,0,0,0,0,0,0,0,108002,14534.0,,0,,0,0,0,0
525,0,0,0,0,0,0,0,1,0,0,0,0,0,0,0,0,0,0,0,108026,56583.0,,0,,0,0,0,0
526,0,0,0,0,0,0,0,1,0,0,0,0,0,0,0,0,0,0,0,105032,41878.0,,0,,0,0,0,0
527,0,0,0,0,0,0,0,1,0,0,0,0,0,0,0,0,0,1,0,108052,424.0,,0,,0,0,0,0
528,0,0,0,0,1,0,0,1,0,0,0,0,0,0,0,0,0,0,0,111094,35233.0,,0,,0,0,0,0
529,0,0,0,0,0,0,0,1,0,0,0,0,0,0,0,0,0,0,0,108065,14291.0,,0,,0,0,0,0
530,0,0,0,0,0,0,0,1,0,0,0,0,0,0,0,0,0,0,0,111102,103413.0,,0,,0,0,0,0
531,0,0,0,1,0,0,0,1,0,0,0,0,0,0,0,0,0,0,0,108071,11236.0,,0,,0,0,0,0
532,0,0,0,0,1,1,0,0,0,0,1,0,0,0,0,0,0,0,0,111127,11592.0,,0,,0,0,0,0
533,1,1,0,0,0,0,0,0,1,0,0,0,0,1,0,0,0,0,0,111143,8850.0,,0,,0,0,0,0
534,0,0,0,0,0,0,0,1,0,0,0,0,0,0,1,0,0,0,0,108101,10445.0,,0,,0,0,0,0
535,0,0,0,0,0,0,0,1,0,0,0,0,0,0,0,0,0,0,0,108122,695.0,,0,,0,0,0,0
536,0,0,0,0,0,0,0,1,0,0,0,0,0,0,0,0,0,0,0,111194,43535.0,,0,,0,0,0,0
537,0,0,0,0,0,0,0,1,0,0,0,0,0,0,0,0,0,0,0,111201,12519.0,,0,,0,0,0,0
538,0,0,0,0,0,0,0,1,0,0,0,0,0,0,0,0,0,0,0,108149,23210.0,,0,,0,0,0,0
539,0,0,0,0,1,0,0,1,0,0,0,0,0,0,1,0,0,0,0,108160,858.0,,0,,0,0,0,0
540,0,0,0,0,0,0,0,0,0,0,0,0,0,0,0,0,1,0,0,108162,867.0,,0,,0,0,0,0
541,1,0,0,0,0,0,0,0,0,0,0,0,0,0,0,1,1,0,0,83658,78.0,,0,,0,0,0,0
542,0,0,0,0,1,0,0,1,0,0,0,0,0,0,1,0,0,0,0,108186,13203.0,,0,,0,0,0,0
543,0,0,0,0,1,0,0,0,0,0,0,0,0,0,1,0,1,0,0,108174,10442.0,,0,,0,0,0,0
544,1,0,0,0,0,1,0,0,0,0,0,0,0,0,0,0,0,0,0,108238,11074.0,,0,,0,0,0,0
545,0,0,0,0,0,0,0,1,0,0,0,0,0,0,0,0,0,0,0,89256,33367.0,,0,,0,0,0,0
546,1,1,0,1,1,0,0,0,1,0,0,0,0,0,0,1,0,0,0,108255,9607.0,,0,,0,0,0,0
547,1,1,0,0,0,0,0,0,0,0,0,0,0,0,0,0,1,0,0,111323,17585.0,,0,,0,0,0,0
548,1,0,0,0,0,0,0,0,0,0,0,0,0,1,0,0,1,0,0,111400,9057.0,,0,,0,0,0,0
549,0,0,0,0,0,0,0,1,0,0,0,0,1,0,0,0,0,0,0,108328,20967.0,,0,,0,0,0,0
550,0,0,0,0,1,0,0,0,0,0,0,0,0,0,1,0,0,0,0,111418,10635.0,,0,,0,0,0,0
551,0,0,1,1,0,0,0,0,1,0,0,0,1,0,0,0,0,0,0,107688,9479.0,,0,,0,0,0,0
552,1,1,0,0,1,0,0,0,0,0,0,0,0,0,1,0,0,0,0,108333,10057.0,,0,,0,0,0,0
553,1,0,0,0,0,0,0,1,0,0,0,0,0,0,0,0,0,0,1,108358,11969.0,,0,,0,0,0,0
554,0,0,0,0,0,1,0,1,0,0,0,0,0,0,0,0,1,0,0,111488,41590.0,,0,,0,0,0,0
555,0,0,0,0,0,1,0,0,0,0,0,0,0,0,0,0,1,0,0,108399,319.0,,0,,0,0,0,0
556,0,0,0,0,0,0,1,0,0,0,0,0,0,0,0,0,0,0,0,108515,26408.0,,0,,0,0,0,0
558,1,1,1,1,0,0,0,0,1,0,0,0,0,0,0,0,0,0,0,110763,15139.0,,0,,0,0,0,0
559,0,0,0,0,1,0,0,0,0,0,0,0,0,0,0,0,0,0,0,107779,161158.0,,0,,0,0,0,0
560,0,0,0,0,0,0,0,1,0,0,0,0,0,0,0,0,0,0,0,109226,218473.0,,0,,0,0,0,0
561,0,0,0,0,0,0,0,1,0,0,0,0,0,0,0,0,1,0,0,110259,85247.0,,0,,0,0,0,0
562,0,0,0,0,1,0,0,1,0,0,0,0,0,0,0,0,0,0,0,114906,11446.0,,0,,0,0,0,0
563,0,0,0,0,0,0,0,1,0,0,0,0,0,0,1,0,0,0,0,107002,51980.0,,0,,0,0,0,0
564,0,0,0,0,1,0,0,0,0,0,0,0,0,0,0,0,0,0,0,109403,24405.0,,0,,0,0,0,0
565,0,0,0,0,0,0,0,1,0,0,1,0,0,0,0,0,0,0,0,104029,11655.0,,0,,0,0,0,0
566,0,0,0,0,1,0,0,0,0,0,0,0,0,0,1,0,0,0,0,110623,11800.0,,0,,0,0,0,0
567,0,0,0,0,1,0,0,1,0,0,0,0,0,0,0,0,0,0,0,107315,8223.0,,0,,0,0,0,0
568,0,0,0,0,1,0,0,1,0,0,0,0,0,0,0,0,0,0,0,106408,14587.0,,0,,0,0,0,0
569,0,0,0,0,1,0,0,1,0,0,0,0,0,0,0,0,0,0,0,110363,31504.0,,0,,0,0,0,0
570,0,0,0,0,1,0,0,1,0,0,0,0,0,0,0,0,0,0,0,107349,41653.0,,0,,0,0,0,0
571,0,0,0,0,0,0,0,1,0,0,0,0,0,0,1,0,0,0,0,111709,53185.0,,0,,0,0,0,0
572,0,0,0,0,0,0,0,1,0,0,0,0,0,0,0,0,0,0,0,109828,95743.0,,0,,0,0,0,0
573,0,0,0,0,0,0,0,1,0,0,0,0,0,0,0,0,0,0,0,107225,23637.0,,0,,0,0,0,0
574,0,0,0,0,1,0,0,1,0,0,0,0,0,0,0,0,0,0,0,111252,17600.0,,0,,0,0,0,0
575,0,0,0,1,1,0,0,0,0,0,0,0,0,0,0,0,0,0,0,110366,10897.0,,0,,0,0,0,0
576,0,0,0,0,1,0,0,0,0,0,0,0,0,0,0,0,0,0,0,106878,349394.0,,0,,0,0,0,0
577,0,1,0,1,0,0,0,1,0,0,0,0,0,0,0,0,0,0,0,109120,21352.0,,0,,0,0,0,0
579,0,0,0,0,0,1,0,0,0,0,0,0,0,0,0,0,1,0,0,108059,68806.0,,0,,0,0,0,0
580,0,0,0,0,0,0,0,1,0,0,0,0,0,0,0,0,0,0,0,110892,37345.0,,0,,0,0,0,0
581,0,0,0,0,0,0,1,0,0,0,0,0,0,0,0,0,0,0,0,112651,32562.0,,0,,0,0,0,0
582,0,0,0,0,1,0,0,1,0,0,0,0,0,0,0,0,0,0,0,107642,47507.0,,0,,0,0,0,0
583,0,0,0,0,1,0,0,1,0,0,0,0,0,0,0,0,0,0,0,109382,25403.0,,0,,0,0,0,0
584,0,0,0,0,0,0,0,1,0,0,0,0,0,0,1,0,0,0,0,106678,124304.0,,0,,0,0,0,0
585,0,0,0,0,1,0,0,0,0,0,0,0,0,0,0,0,0,0,0,112572,9066.0,,0,,0,0,0,0
586,0,0,0,1,1,0,0,0,0,0,0,0,0,0,0,0,0,0,0,99785,771.0,,0,,0,0,0,0
587,0,0,0,0,1,0,0,1,1,0,0,0,0,0,1,0,1,0,0,99653,251.0,,0,,0,0,0,0
588,0,1,1,1,1,0,0,0,0,0,0,0,1,0,0,0,0,0,0,103639,812.0,,0,,0,0,0,0
589,1,0,0,0,0,0,0,0,0,0,0,0,0,0,0,1,0,0,0,103064,280.0,,0,,0,0,0,0
590,0,1,0,0,0,0,0,1,0,0,0,0,0,0,0,0,0,0,1,99348,581.0,,0,,0,0,0,0
591,1,0,0,0,0,0,0,1,0,0,0,0,0,0,0,0,1,0,0,114706,80350.0,,0,,0,0,0,0
592,1,0,0,0,0,1,0,0,0,0,0,0,0,0,0,0,1,0,0,96895,268.0,,0,,0,0,0,0
593,0,0,0,0,0,1,0,0,0,0,1,0,0,0,0,0,1,0,0,102926,274.0,,0,,0,0,0,0
594,0,0,1,1,0,0,0,1,1,0,0,0,1,0,0,0,0,0,0,29583,408.0,,0,,0,0,0,0
595,0,0,1,1,0,0,0,0,1,0,0,1,1,0,1,0,0,0,0,101414,10020.0,,0,,0,0,0,0
596,0,0,1,1,0,0,0,0,1,0,0,0,1,0,0,0,0,0,0,32910,10895.0,,0,,0,0,0,0
597,0,0,0,0,1,0,0,0,0,0,0,0,0,0,1,0,0,0,0,100405,114.0,,0,,0,0,0,0
598,0,0,0,0,1,0,0,0,1,0,0,0,0,0,0,0,0,0,0,110719,41043.0,,0,,0,0,0,0
599,0,1,0,0,0,0,0,0,0,0,0,0,0,0,0,0,0,0,1,65214,576.0,,0,,0,0,0,0
600,1,0,0,0,1,1,0,0,0,0,0,0,0,0,0,0,0,0,0,110395,15477.0,,0,,0,0,0,0
601,0,0,0,0,0,0,0,1,0,0,0,0,0,0,0,0,0,0,0,111752,59146.0,,0,,0,0,0,0
602,0,0,0,0,0,0,1,0,0,0,0,0,0,0,0,0,0,0,0,109934,124472.0,,0,,0,0,0,0
603,0,0,0,0,1,0,0,0,0,0,0,0,0,0,0,0,0,0,0,112606,30528.0,,0,,0,0,0,0
604,0,0,0,0,0,0,1,0,0,0,0,0,0,0,0,0,0,0,0,115978,,,0,,0,0,0,0
605,0,0,0,0,0,0,0,1,0,0,0,0,0,0,1,0,0,0,0,117247,7300.0,,0,,0,0,0,0
606,0,0,0,0,0,0,0,0,1,0,1,0,0,0,0,0,0,0,0,112625,10824.0,,0,,0,0,0,0
607,0,0,0,0,0,0,0,1,0,0,0,0,0,0,0,0,0,0,0,106537,261246.0,,0,,0,0,0,0
608,0,0,0,0,1,1,0,1,0,0,0,0,0,0,0,0,1,0,0,116282,275.0,,0,,0,0,0,0
609,0,1,0,1,0,0,0,0,0,0,0,0,0,0,0,0,0,0,0,116552,25059.0,,0,,0,0,0,0
610,1,1,1,0,0,0,0,0,0,0,1,0,0,0,0,1,0,0,0,82509,11827.0,,0,,0,0,0,0
611,1,0,0,0,0,0,0,0,0,0,1,0,0,0,0,1,0,0,0,116514,8766.0,,0,,0,0,0,0
612,0,0,0,0,1,0,0,0,0,0,0,0,0,0,0,0,0,0,0,117283,23570.0,,0,,0,0,0,0
613,0,0,0,0,0,0,0,1,0,0,0,0,0,0,1,0,0,0,0,116684,47333.0,,0,,0,0,0,0
614,0,0,0,0,0,0,0,1,0,0,0,0,0,0,0,0,1,0,0,110374,54850.0,,0,,0,0,0,0
615,0,0,0,0,1,0,0,1,0,0,0,0,0,0,0,0,0,0,0,70506,51242.0,,0,,0,0,0,0
616,0,0,1,1,0,0,0,0,0,0,0,0,0,0,0,0,0,0,0,65421,10112.0,,0,,0,0,0,0
617,0,0,0,0,1,0,0,1,0,0,0,0,0,0,0,0,0,0,0,113083,4307.0,,0,,0,0,0,0
618,0,0,0,0,1,0,0,0,0,0,0,0,0,0,1,0,0,0,0,118001,46029.0,,0,,0,0,0,0
619,0,0,0,0,1,0,0,0,0,0,0,0,0,0,0,0,0,0,0,116165,32308.0,,0,,0,0,0,0
620,0,0,0,0,0,0,0,1,0,0,0,0,0,0,0,0,0,0,0,102855,88893.0,,0,,0,0,0,0
621,0,0,0,0,0,0,0,1,0,0,0,0,0,0,0,0,0,0,0,107471,52873.0,,0,,0,0,0,0
623,0,0,0,0,0,0,0,0,0,0,0,0,0,0,1,0,0,0,0,113839,123505.0,,0,,0,0,0,0
624,1,0,0,0,0,0,0,1,0,0,0,0,0,0,0,0,1,0,0,112712,340210.0,,0,,0,0,0,0
625,0,0,0,0,0,0,0,1,0,0,0,0,0,0,0,0,0,0,0,90665,44281.0,,0,,0,0,0,0
626,0,0,0,0,1,0,0,0,0,0,0,0,0,0,0,0,0,0,0,117891,28121.0,,0,,0,0,0,0
627,0,0,0,0,0,0,0,1,0,0,0,0,0,0,0,0,1,0,0,113613,12520.0,,0,,0,0,0,0
628,0,0,0,0,0,1,0,1,0,0,0,0,0,1,0,0,1,0,0,117381,1592.0,,0,,0,0,0,0
629,0,0,0,0,0,0,0,1,0,0,0,0,0,0,0,0,0,0,0,114305,166901.0,,0,,0,0,0,0
630,0,0,0,0,0,0,0,1,0,0,0,0,0,0,1,0,0,0,0,115837,36447.0,,0,,0,0,0,0
631,0,1,1,1,0,0,0,0,1,0,0,0,1,0,1,0,0,0,0,115509,19042.0,,0,,0,0,0,0
632,0,0,0,0,0,0,0,1,0,0,0,0,0,0,0,0,0,1,0,114671,38884.0,,0,,0,0,0,0
633,0,0,0,0,1,0,0,0,0,0,0,0,0,0,0,0,0,0,0,112844,47449.0,,0,,0,0,0,0
634,0,0,0,0,1,0,0,0,0,0,0,0,0,0,0,0,0,0,0,114658,36259.0,,0,,0,0,0,0
635,0,0,0,0,1,0,0,1,0,0,0,0,0,0,0,0,0,0,0,116275,41852.0,,0,,0,0,0,0
636,0,0,0,0,0,0,0,1,0,0,0,0,0,0,0,0,0,0,0,113122,40926.0,,0,,0,0,0,0
637,0,0,0,0,1,0,0,0,0,0,0,0,0,0,0,0,0,0,0,117608,9099.0,,0,,0,0,0,0
638,0,0,0,0,0,0,0,0,0,0,0,0,0,0,1,0,0,0,0,113448,2021.0,,0,,0,0,0,0
639,0,0,0,0,1,0,0,1,0,0,0,0,0,0,0,0,0,0,0,116414,61752.0,,0,,0,0,0,0
640,0,0,0,0,0,0,0,1,0,0,0,0,0,0,0,0,1,0,0,116095,10988.0,,0,,0,0,0,0
641,0,1,0,1,1,0,0,0,0,0,0,0,0,0,0,0,0,0,0,111543,11479.0,,0,,0,0,0,0
642,0,0,0,0,0,0,0,1,0,0,0,0,0,0,0,0,0,0,0,117517,398959.0,,0,,0,0,0,0
643,0,0,0,0,1,0,0,0,0,0,0,0,0,0,0,0,0,0,0,117312,287305.0,,0,,0,0,0,0
644,0,0,0,0,1,0,0,0,0,0,0,0,0,0,0,0,0,0,0,116485,339428.0,,0,,0,0,0,0
645,0,0,0,0,0,0,0,1,0,0,0,0,0,0,0,0,0,0,0,113947,12652.0,,0,,0,0,0,0
647,1,0,0,0,0,1,0,1,0,0,0,0,0,0,0,0,0,1,0,115956,10684.0,,0,,0,0,0,0
648,1,1,0,0,0,0,0,0,0,0,0,0,0,1,0,0,1,0,0,117060,954.0,,0,,0,0,0,0
649,0,0,0,0,1,0,0,1,0,0,0,0,0,0,0,0,0,0,0,109028,68445.0,,0,,0,0,0,0
650,0,0,0,0,0,0,0,1,0,0,0,0,0,0,0,0,0,0,0,117071,18989.0,,0,,0,0,0,0
651,0,0,0,0,1,0,0,0,0,0,0,0,0,0,0,0,0,0,0,117788,10801.0,,0,,0,0,0,0
652,0,0,0,0,0,0,0,0,0,0,1,0,0,1,0,0,1,0,0,112257,54285.0,,0,,0,0,0,0
653,1,1,0,0,0,0,0,0,1,0,0,0,0,0,0,0,0,0,0,116136,8840.0,,0,,0,0,0,0
654,0,0,0,0,0,0,0,1,0,0,0,0,0,0,1,0,0,0,0,118026,278978.0,,0,,0,0,0,0
655,0,0,0,0,1,0,0,0,0,0,0,0,0,0,0,0,0,0,0,117117,124625.0,,0,,0,0,0,0
656,0,0,0,0,1,0,0,0,0,0,0,0,0,0,0,0,0,0,0,116168,11107.0,,0,,0,0,0,0
657,0,0,0,0,1,0,0,1,0,0,0,0,0,0,0,0,0,0,0,111787,16417.0,,0,,0,0,0,0
658,0,0,0,0,0,0,0,1,0,0,0,0,1,0,0,0,0,0,0,112509,70934.0,,0,,0,0,0,0
659,0,0,0,0,0,1,0,1,0,0,0,0,0,0,0,0,1,0,0,54189,10363.0,,0,,0,0,0,0
660,0,0,0,0,0,0,0,1,0,0,0,0,0,0,0,0,0,0,0,115591,161070.0,,0,,0,0,0,0
661,0,1,1,1,0,0,0,0,1,0,0,0,1,0,0,0,0,0,0,116683,10539.0,,0,,0,0,0,0
662,0,0,0,0,0,0,0,0,0,0,0,0,0,0,0,0,1,0,0,116287,10543.0,,0,,0,0,0,0
663,0,0,0,0,1,0,0,0,0,0,0,0,0,0,0,0,0,0,0,116768,18414.0,,0,,0,0,0,0
664,0,0,0,0,1,0,0,0,0,0,0,0,0,0,0,0,0,0,0,116269,47502.0,,0,,0,0,0,0
665,0,0,0,0,1,0,0,1,0,0,0,0,0,0,0,0,0,1,0,114787,11902.0,,0,,0,0,0,0
666,0,0,0,0,0,0,0,1,0,0,0,0,0,0,1,0,0,1,0,113720,27098.0,,0,,0,0,0,0
667,1,0,0,0,0,0,0,0,0,0,0,0,0,0,0,0,0,0,0,112536,25087.0,,0,,0,0,0,0
668,0,0,0,0,0,0,0,1,0,0,0,0,0,0,0,0,0,0,0,48473,5801.0,,0,,0,0,0,0
670,0,0,0,0,0,0,0,1,0,0,0,0,0,0,0,0,0,0,0,52572,896.0,,0,,0,0,0,0
671,0,0,0,0,1,0,0,0,0,0,0,0,0,0,0,1,0,0,0,117128,3065.0,,0,,0,0,0,0
672,0,0,0,0,0,0,0,1,0,0,0,0,0,0,0,0,0,0,0,114616,318177.0,,0,,0,0,0,0
673,0,1,1,1,1,0,0,0,1,0,0,0,0,0,0,1,0,0,0,117705,2300.0,,0,,0,0,0,0
674,0,1,0,0,1,0,0,0,0,0,0,0,0,0,0,1,0,0,0,62711,8069.0,,0,,0,0,0,0
675,1,0,0,0,0,0,0,1,0,0,0,0,0,0,0,0,1,0,0,110061,288173.0,,0,,0,0,0,0
676,0,0,0,0,1,0,0,0,0,0,1,0,0,0,0,1,0,0,0,140614,187851.0,,0,,0,0,0,0
678,0,0,0,0,0,0,0,1,0,0,0,0,0,0,0,0,1,0,0,108181,27768.0,,0,,0,0,0,0
679,0,0,0,0,0,0,0,1,0,0,0,0,0,0,0,0,0,0,0,114307,221917.0,,0,,0,0,0,0
680,0,0,0,0,0,0,0,1,0,0,0,0,0,1,1,1,1,0,0,58898,8072.0,,0,,0,0,0,0
681,0,0,0,0,0,1,0,0,0,0,0,0,0,0,0,0,0,0,0,82206,35797.0,,0,,0,0,0,0
682,0,0,0,0,0,0,1,1,0,0,0,0,0,0,0,0,0,0,0,111430,88030.0,,0,,0,0,0,0
683,0,0,0,0,0,0,1,0,0,0,0,0,0,0,0,0,0,0,0,107727,185191.0,,0,,0,0,0,0
684,0,0,0,0,0,0,0,1,0,0,0,0,0,0,0,0,0,0,0,81759,83857.0,,0,,0,0,0,0
685,0,0,0,0,0,0,0,1,0,0,0,0,0,0,0,0,0,0,0,113443,33245.0,,0,,0,0,0,0
687,0,0,0,0,0,0,0,1,0,0,0,0,0,0,1,0,0,0,0,109491,124460.0,,0,,0,0,0,0
688,1,1,0,0,1,0,0,0,0,0,0,0,0,0,0,0,0,1,0,114048,27281.0,,0,,0,0,0,0
690,0,0,0,0,0,0,0,1,0,0,0,0,0,0,1,0,0,0,0,111613,105045.0,,0,,0,0,0,0
691,0,0,0,0,1,0,0,0,0,0,0,0,0,0,1,0,0,0,0,117104,40001.0,,0,,0,0,0,0
692,1,0,0,0,0,0,0,0,0,0,0,0,0,0,0,1,1,0,0,117688,29621.0,,0,,0,0,0,0
693,0,0,0,0,0,0,0,1,0,0,0,0,0,0,0,0,0,0,0,109751,117730.0,,0,,0,0,0,0
694,1,0,0,0,0,1,0,1,0,0,0,0,0,0,0,0,0,0,0,117774,20762.0,,0,,0,0,0,0
695,0,0,0,0,0,0,0,0,0,0,0,0,0,1,0,0,1,0,0,114736,37144.0,,0,,0,0,0,0
696,0,0,0,0,0,0,0,1,0,0,0,0,0,0,0,0,1,0,0,112604,48260.0,,0,,0,0,0,0
697,0,0,0,0,0,0,0,1,0,0,0,0,0,0,1,0,0,0,0,116289,12656.0,,0,,0,0,0,0
698,0,0,0,0,0,0,0,1,0,0,0,0,0,0,0,0,0,0,0,109593,38867.0,,0,,0,0,0,0
699,0,0,0,0,0,0,0,1,0,0,0,0,0,0,0,0,0,0,0,103095,277270.0,,0,,0,0,0,0
700,0,0,0,0,1,0,0,0,0,0,0,0,0,0,0,0,0,0,0,112368,25969.0,,0,,0,0,0,0
701,0,0,0,0,0,0,0,1,0,0,0,0,0,0,0,0,0,0,0,104046,44103.0,,0,,0,0,0,0
702,0,0,0,0,0,0,0,1,0,0,0,0,0,0,0,0,0,0,0,62952,753.0,,0,,0,0,0,0
703,0,0,0,0,0,0,0,1,0,0,0,0,0,0,0,0,0,0,0,115742,43634.0,,0,,0,0,0,0
704,1,1,0,0,0,0,0,0,0,0,0,0,0,0,0,0,0,0,0,117420,9103.0,,0,,0,0,0,0
705,0,0,0,0,1,0,0,0,0,0,0,0,0,0,0,0,0,0,0,115951,90214.0,,0,,0,0,0,0
706,0,0,0,0,0,0,0,1,0,0,0,0,0,0,0,0,0,0,0,117784,29649.0,,0,,0,0,0,0
707,0,0,0,0,0,1,0,1,0,0,0,0,0,0,0,0,1,0,0,117107,10990.0,,0,,0,0,0,0
708,0,0,0,0,1,0,0,0,0,0,0,0,0,0,1,0,0,0,0,117979,8866.0,,0,,0,0,0,0
709,0,1,1,1,1,0,0,0,0,0,0,0,1,0,0,0,0,0,0,95776,12233.0,,0,,0,0,0,0
710,0,0,0,0,1,0,0,0,0,0,0,0,0,0,0,0,0,0,0,115851,23449.0,,0,,0,0,0,0
711,0,1,0,1,0,0,0,0,0,0,0,0,0,0,0,0,0,0,0,116322,36355.0,,0,,0,0,0,0
712,0,0,0,0,0,1,0,1,0,0,0,0,0,0,1,0,1,0,0,109374,37667.0,,0,,0,0,0,0
713,0,0,0,0,0,0,0,1,0,0,0,0,0,0,0,0,0,0,0,110712,90148.0,,0,,0,0,0,0
714,0,0,0,0,0,0,0,1,0,0,0,0,0,1,0,0,0,0,1,112817,922.0,,0,,0,0,0,0
715,0,0,0,0,0,0,0,1,0,0,0,0,0,0,1,0,0,0,0,113362,11876.0,,0,,0,0,0,0
716,0,0,0,0,0,1,0,0,0,0,0,0,0,0,0,0,0,0,0,73778,52633.0,,0,,0,0,0,0
717,0,0,0,0,1,0,0,0,0,0,0,0,0,0,0,0,0,0,0,112546,62364.0,,0,,0,0,0,0
718,0,0,0,0,1,0,0,0,1,0,0,0,0,0,0,1,0,0,0,108500,11687.0,,0,,0,0,0,0
719,0,0,0,0,1,0,0,0,0,0,0,0,0,0,0,0,0,0,0,117108,9304.0,,0,,0,0,0,0
720,0,1,1,0,1,0,0,0,0,0,0,0,0,0,0,0,0,0,0,118114,,,0,,0,0,0,0
721,0,0,0,0,0,0,0,1,0,0,0,0,0,0,0,0,0,0,0,114103,,,0,,0,0,0,0
722,0,0,0,0,0,0,1,0,0,0,0,0,0,0,0,0,0,0,0,113270,73183.0,,0,,0,0,0,0
723,0,0,0,0,0,0,0,1,0,0,0,0,0,0,0,0,0,0,0,92123,131232.0,,0,,0,0,0,0
724,0,0,0,0,0,0,0,1,1,0,1,0,0,0,0,0,1,0,0,115963,9100.0,,0,,0,0,0,0
725,0,0,0,0,1,0,0,0,0,0,0,0,0,0,0,0,0,0,0,116448,20759.0,,0,,0,0,0,0
726,0,0,0,0,0,0,0,1,0,0,0,0,0,0,0,0,0,0,0,116827,46063.0,,0,,0,0,0,0
727,0,0,0,0,0,0,1,0,0,0,0,0,0,0,0,0,0,0,0,114894,365371.0,,0,,0,0,0,0
728,0,0,0,0,1,0,0,0,0,0,0,0,0,0,0,0,0,0,0,112701,32513.0,,0,,0,0,0,0
729,0,0,0,0,0,0,0,1,0,0,0,0,0,0,0,0,0,0,0,113429,40651.0,,0,,0,0,0,0
730,0,0,0,0,0,0,0,1,0,0,0,0,0,0,0,0,0,0,0,125877,,,0,,0,0,0,0
731,0,0,0,0,0,1,0,0,0,0,0,0,0,0,0,0,1,0,0,116508,36915.0,,0,,0,0,0,0
732,0,0,0,0,0,1,0,0,0,0,0,0,0,0,0,0,0,0,0,117260,40507.0,,0,,0,0,0,0
733,1,1,0,0,0,0,0,0,0,0,0,0,0,0,0,0,1,0,0,117500,9802.0,,0,,0,0,0,0
734,0,0,0,0,1,0,0,0,0,0,0,0,0,0,0,0,0,0,0,116405,25697.0,,0,,0,0,0,0
735,0,0,0,0,0,0,0,0,0,0,1,0,0,0,0,0,0,0,0,109592,21588.0,,0,,0,0,0,0
736,1,1,0,0,0,0,0,0,0,0,0,0,0,0,1,0,1,0,0,117998,664.0,,0,,0,0,0,0
737,1,0,0,0,0,0,0,0,0,0,0,0,0,0,0,1,0,0,0,115624,11867.0,,0,,0,0,0,0
738,0,0,0,0,0,0,0,1,0,0,0,0,0,0,0,0,0,0,0,113145,47119.0,,0,,0,0,0,0
739,0,0,0,0,1,0,0,0,0,0,0,0,0,0,0,0,0,0,0,116559,,,0,,0,0,0,0
741,0,0,1,0,0,0,0,0,0,0,0,0,0,0,0,1,0,0,0,113568,9323.0,,0,,0,0,0,0
742,0,0,0,0,0,0,0,0,0,0,1,0,0,0,0,0,1,0,0,117894,10280.0,,0,,0,0,0,0
743,0,0,0,0,1,0,0,0,0,0,0,0,0,0,0,0,0,0,0,117723,10535.0,,0,,0,0,0,0
744,0,0,0,0,0,0,0,1,0,0,0,0,0,0,0,0,0,0,0,112586,124613.0,,0,,0,0,0,0
745,0,0,1,1,1,0,0,0,0,0,0,0,0,0,0,0,0,0,0,112691,532.0,,0,,0,0,0,0
746,0,0,0,0,0,0,0,0,0,1,0,0,0,0,0,0,0,0,0,40366,26744.0,,0,,0,0,0,0
747,0,0,0,0,1,0,0,0,0,0,0,0,0,0,0,0,0,0,0,117768,16299.0,,0,,0,0,0,0
748,1,0,0,0,0,0,0,0,0,0,0,0,0,0,0,1,1,0,0,115571,10547.0,,0,,0,0,0,0
749,0,0,0,0,0,0,0,1,0,0,0,0,0,0,0,0,0,0,0,31612,245268.0,,0,,0,0,0,0
750,0,0,0,0,1,0,0,0,0,0,0,0,0,0,0,0,0,1,0,57012,935.0,,0,,0,0,0,0
751,0,0,0,0,1,0,0,0,0,0,1,0,0,0,0,0,0,0,0,103926,55613.0,,0,,0,0,0,0
752,0,0,0,0,1,0,1,0,0,0,0,0,0,0,1,0,0,0,0,105737,215107.0,,0,,0,0,0,0
753,0,0,0,0,1,0,0,1,0,0,0,0,0,0,1,0,0,0,0,113849,41007.0,,0,,0,0,0,0
754,0,1,0,1,0,0,0,0,0,0,0,0,0,0,0,0,0,0,0,113188,35645.0,,0,,0,0,0,0
755,0,0,0,1,0,0,0,1,0,0,0,0,0,0,0,0,0,0,0,42644,110465.0,,0,,0,0,0,0
756,0,0,0,0,0,0,1,0,0,0,0,0,0,0,0,0,0,0,0,109381,255546.0,,0,,0,0,0,0
757,0,0,0,0,0,0,0,1,0,0,0,0,0,0,0,0,0,0,0,109688,40751.0,,0,,0,0,0,0
758,0,0,0,0,0,0,0,1,0,0,0,0,0,0,0,0,0,0,0,104606,275096.0,,0,,0,0,0,0
759,0,0,0,0,0,0,1,0,0,0,0,0,0,0,0,0,0,0,0,110480,85778.0,,0,,0,0,0,0
760,0,0,0,0,0,0,0,1,0,0,0,0,0,0,0,0,0,1,0,108211,11101.0,,0,,0,0,0,0
761,1,1,0,0,0,0,0,0,0,0,0,0,0,0,0,0,0,0,0,117331,9826.0,,0,,0,0,0,0
762,0,0,0,0,1,1,0,0,0,0,0,0,0,0,0,0,0,0,0,117765,9879.0,,0,,0,0,0,0
763,0,0,0,0,1,0,0,1,0,0,0,0,0,0,0,0,0,0,0,116833,63564.0,,0,,0,0,0,0
764,0,0,0,0,0,0,0,1,0,0,0,0,0,0,1,0,0,0,0,113280,22621.0,,0,,0,0,0,0
765,0,0,0,0,1,0,0,1,0,0,0,0,0,0,0,0,0,0,0,116669,7095.0,,0,,0,0,0,0
766,0,0,0,0,0,0,0,1,0,0,0,0,0,0,0,0,0,0,0,116594,26890.0,,0,,0,0,0,0
767,0,0,0,0,1,0,0,1,0,0,0,0,0,0,0,0,0,0,0,113211,46732.0,,0,,0,0,0,0
768,0,0,0,0,0,0,0,1,0,0,0,0,0,0,0,0,0,0,0,114494,124633.0,,0,,0,0,0,0
769,0,0,0,0,0,0,1,0,0,0,0,0,0,0,0,0,0,0,0,116992,,,0,,0,0,0,0
770,0,0,0,0,0,0,0,1,0,0,0,0,0,0,0,0,0,0,0,38426,,,0,,0,0,0,0
771,0,0,0,0,1,0,0,1,0,0,0,0,0,0,0,0,0,0,0,94265,202425.0,,0,,0,0,0,0
772,0,0,0,0,1,0,0,0,0,0,0,0,0,0,0,0,0,0,0,105201,196940.0,,0,,0,0,0,0
773,0,0,0,0,0,0,0,1,0,0,0,0,0,0,0,0,0,0,0,70820,77771.0,,0,,0,0,0,0
774,0,0,0,0,0,0,0,1,0,0,0,0,0,0,0,0,0,0,0,84898,181083.0,,0,,0,0,0,0
775,0,0,0,0,0,0,0,0,0,0,1,0,0,1,0,0,0,0,0,63715,41225.0,,0,,0,0,0,0
776,0,0,0,0,1,0,0,1,0,0,0,0,0,0,0,0,0,0,0,109191,188589.0,,0,,0,0,0,0
777,0,0,0,0,0,0,0,0,0,0,0,0,0,0,0,0,0,1,0,114122,87190.0,,0,,0,0,0,0
778,0,0,0,0,1,1,0,1,0,0,0,0,0,0,0,0,0,0,0,117951,627.0,,0,,0,0,0,0
779,0,0,0,0,0,0,0,1,0,0,0,0,0,0,1,0,0,0,0,118523,32872.0,,0,,0,0,0,0
780,1,1,0,0,0,0,0,0,0,0,0,0,0,0,0,1,1,0,0,116629,602.0,,0,,0,0,0,0
781,0,0,0,0,0,0,0,1,0,0,0,0,0,0,0,0,0,0,0,117737,14553.0,,0,,0,0,0,0
782,0,0,0,0,0,0,0,1,0,0,0,0,0,0,0,0,1,0,0,116277,9566.0,,0,,0,0,0,0
783,0,0,1,1,0,0,0,1,0,0,0,0,1,0,1,0,0,0,0,116583,10545.0,,0,,0,0,0,0
784,0,0,0,0,1,0,0,0,0,0,0,0,0,0,0,0,1,0,0,115798,9894.0,,0,,0,0,0,0
785,0,0,0,0,1,0,0,0,0,0,0,0,0,0,0,0,0,0,0,116778,11543.0,,0,,0,0,0,0
786,1,0,0,0,0,0,0,1,0,0,0,0,0,0,0,0,1,0,0,116213,9268.0,,0,,0,0,0,0
787,0,0,0,0,0,0,1,0,0,0,0,0,0,0,0,0,0,0,0,113147,52059.0,,0,,0,0,0,0
788,0,0,0,0,1,0,0,0,1,0,0,0,0,0,1,1,0,0,0,117218,9327.0,,0,,0,0,0,0
789,0,0,0,0,0,0,0,1,0,0,0,0,0,0,0,0,0,0,0,100990,123763.0,,0,,0,0,0,0
790,0,0,0,0,0,0,0,1,0,0,0,0,0,0,0,0,0,0,0,111546,81949.0,,0,,0,0,0,0
791,0,0,0,0,0,0,1,0,0,0,0,0,0,0,0,0,0,0,0,113610,,,0,,0,0,0,0
792,0,0,0,0,0,0,0,0,1,0,0,0,0,0,0,0,0,0,0,93199,42005.0,,0,,0,0,0,0
793,0,0,0,0,0,0,0,1,0,0,0,0,0,0,0,0,0,0,0,106810,124306.0,,0,,0,0,0,0
794,0,0,0,0,1,0,0,1,0,0,0,0,0,0,0,0,0,0,0,111180,183955.0,,0,,0,0,0,0
795,0,0,0,0,0,0,0,1,0,0,0,0,0,0,0,0,0,0,0,111237,44535.0,,0,,0,0,0,0
796,0,0,0,0,0,0,0,1,0,0,0,0,0,0,0,0,0,0,0,72362,44495.0,,0,,0,0,0,0
797,0,0,0,0,1,0,0,0,0,0,0,0,0,0,0,0,0,0,0,103207,78285.0,,0,,0,0,0,0
798,1,1,0,0,0,0,0,1,0,0,0,0,0,0,0,0,1,0,0,116040,11228.0,,0,,0,0,0,0
799,0,0,0,0,1,0,0,0,0,0,1,0,0,0,0,0,1,0,0,116365,10779.0,,0,,0,0,0,0
800,0,0,0,0,0,0,0,1,0,0,0,0,0,1,0,0,0,0,1,116905,26748.0,,0,,0,0,0,0
801,0,0,0,1,1,0,0,0,0,0,0,0,0,0,0,0,0,0,0,116493,38223.0,,0,,0,0,0,0
802,0,0,0,0,0,0,0,1,0,0,0,0,0,0,1,0,0,0,0,117333,9294.0,,0,,0,0,0,0
803,0,0,0,0,1,0,0,1,0,0,0,0,0,0,1,0,0,0,0,118113,49963.0,,0,,0,0,0,0
804,0,0,0,0,1,0,0,0,0,0,0,0,0,0,1,0,0,0,0,117628,11363.0,,0,,0,0,0,0
805,0,0,0,0,0,0,0,1,0,0,0,0,0,0,0,0,1,0,0,117913,1645.0,,0,,0,0,0,0
806,0,0,0,0,0,1,0,1,0,0,0,0,0,0,0,0,0,0,0,115530,31546.0,,0,,0,0,0,0
807,0,0,0,0,1,0,0,0,0,0,0,0,0,0,1,0,0,0,0,114266,77056.0,,0,,0,0,0,0
808,0,1,0,1,0,0,0,0,0,0,0,0,0,0,0,0,0,0,0,115493,36344.0,,0,,0,0,0,0
809,1,1,0,0,0,0,0,0,0,0,0,0,0,0,0,0,0,0,0,116320,18550.0,,0,,0,0,0,0
810,0,0,0,1,1,0,0,0,1,0,0,0,0,0,0,0,0,0,0,116756,11511.0,,0,,0,0,0,0
812,0,0,0,0,0,0,0,1,0,0,0,0,0,0,0,0,0,0,0,109356,172198.0,,0,,0,0,0,0
813,0,0,0,0,1,0,0,0,0,0,0,0,0,0,0,0,0,0,0,116823,34170.0,,0,,0,0,0,0
814,0,0,0,0,0,0,0,1,0,0,0,0,0,0,0,0,0,0,0,112568,281085.0,,0,,0,0,0,0
815,1,0,0,0,0,0,0,0,0,0,0,0,0,1,0,0,1,0,0,114170,109478.0,,0,,0,0,0,0
816,0,0,0,0,0,0,0,1,0,0,0,0,0,0,0,0,0,0,0,117999,124645.0,,0,,0,0,0,0
818,0,0,0,0,1,0,0,0,0,0,0,0,0,0,0,0,0,0,0,118073,12606.0,,0,,0,0,0,0
819,0,0,0,0,1,0,0,1,0,0,0,0,0,0,0,0,0,0,0,108220,69895.0,,0,,0,0,0,0
820,0,0,0,0,0,0,0,1,0,0,0,0,0,0,0,0,0,0,0,49521,35206.0,,0,,0,0,0,0
821,0,0,0,0,0,0,0,1,0,0,0,0,0,0,1,0,0,0,0,112746,,,0,,0,0,0,0
822,0,0,0,0,0,0,0,1,0,0,0,0,0,0,1,0,0,1,0,104403,151489.0,,0,,0,0,0,0
823,0,0,0,0,0,0,0,1,0,0,0,0,0,0,0,0,0,0,0,61495,4837.0,,0,,0,0,0,0
824,0,0,0,0,0,0,0,1,0,0,0,0,0,1,0,0,0,0,0,110246,12632.0,,0,,0,0,0,0
825,0,0,0,0,1,0,0,0,0,0,0,0,0,0,1,0,0,0,0,116164,9098.0,,0,,0,0,0,0
826,0,0,0,0,0,0,0,1,0,0,0,0,0,0,0,0,0,0,0,112865,282919.0,,0,,0,0,0,0
827,0,0,0,0,0,0,0,1,0,0,0,0,0,0,0,0,0,0,0,112716,124614.0,,0,,0,0,0,0
828,0,1,0,1,0,0,0,0,0,0,0,0,0,0,0,0,0,0,0,115472,18975.0,,0,,0,0,0,0
829,0,0,0,0,1,0,0,0,1,0,0,0,1,0,0,0,0,0,0,116707,11962.0,,0,,0,0,0,0
830,0,0,0,0,1,0,0,0,0,0,0,0,0,0,0,0,0,0,0,116313,2925.0,,0,,0,0,0,0
831,0,0,0,0,0,0,0,1,0,0,0,0,0,0,0,0,0,0,0,114550,28628.0,,0,,0,0,0,0
832,0,0,0,0,0,1,0,0,0,0,0,0,0,0,0,0,1,0,0,117438,3595.0,,0,,0,0,0,0
833,0,0,0,0,1,0,0,0,0,0,0,0,0,0,0,0,0,0,0,116531,9308.0,,0,,0,0,0,0
834,0,0,0,0,1,0,0,0,0,0,0,0,0,0,0,0,0,0,0,117332,92381.0,,0,,0,0,0,0
835,0,0,0,0,0,0,0,1,0,0,0,0,0,0,0,0,0,0,0,116353,18555.0,,0,,0,0,0,0
836,1,1,0,0,0,0,0,0,0,0,0,0,0,0,0,0,1,0,0,115857,12123.0,,0,,0,0,0,0
837,0,0,0,1,1,0,0,0,1,0,0,0,0,0,0,0,0,0,0,117008,10830.0,,0,,0,0,0,0
838,0,0,0,0,1,0,0,1,0,0,0,0,0,0,1,0,0,0,0,116191,3573.0,,0,,0,0,0,0
839,1,0,0,0,0,0,0,0,0,0,0,0,0,0,0,0,1,0,0,115986,10546.0,,0,,0,0,0,0
840,0,0,0,1,1,0,0,0,0,0,0,0,0,0,0,0,0,0,0,116571,18862.0,,0,,0,0,0,0
841,0,0,0,0,0,0,0,0,0,0,1,0,0,0,0,0,0,0,0,53459,31417.0,,0,,0,0,0,0
842,0,0,0,0,1,0,0,0,0,0,1,0,0,0,0,0,0,0,0,117826,9431.0,,0,,0,0,0,0
843,0,0,0,0,0,0,0,1,0,0,0,0,0,0,0,0,0,0,0,113695,124619.0,,0,,0,0,0,0
844,0,0,0,0,0,0,0,1,0,0,0,0,0,0,0,0,0,0,0,108227,297645.0,,0,,0,0,0,0
845,0,0,0,0,0,0,0,1,0,0,0,0,0,0,0,0,0,0,0,111424,48144.0,,0,,0,0,0,0
846,0,0,0,0,0,0,0,1,0,0,0,0,0,0,0,0,0,0,0,113080,46986.0,,0,,0,0,0,0
847,0,0,0,0,1,0,0,1,0,0,0,0,0,0,0,0,0,0,0,115680,144982.0,,0,,0,0,0,0
848,0,0,0,0,0,0,0,1,0,0,0,0,0,0,0,0,0,0,0,117718,47907.0,,0,,0,0,0,0
849,1,1,0,0,0,0,0,0,0,0,0,0,0,0,0,1,1,0,0,116225,10061.0,,0,,0,0,0,0
850,0,0,0,0,0,1,0,1,0,0,0,0,0,0,0,0,0,0,0,112767,36266.0,,0,,0,0,0,0
851,0,0,0,0,0,0,0,1,0,0,0,0,0,0,0,0,0,0,0,115632,549.0,,0,,0,0,0,0
852,0,0,0,0,1,0,0,1,0,0,0,0,0,0,1,0,0,0,0,117918,10478.0,,0,,0,0,0,0
853,0,0,0,0,0,0,0,1,0,0,0,0,0,0,0,0,0,0,0,104109,66634.0,,0,,0,0,0,0
854,0,0,0,0,0,0,0,1,0,0,0,0,0,0,0,0,0,0,0,51980,116690.0,,0,,0,0,0,0
855,0,0,0,0,0,0,0,1,0,0,0,0,0,0,0,0,0,0,0,100840,213917.0,,0,,0,0,0,0
856,0,0,0,0,1,0,0,0,0,0,0,0,0,0,0,0,0,0,0,107575,145925.0,,0,,0,0,0,0
857,0,0,0,0,0,0,0,1,0,0,0,0,0,0,0,0,0,0,0,42054,100914.0,,0,,0,0,0,0
858,0,0,0,0,0,1,0,1,0,0,0,0,0,0,0,0,0,0,0,68646,238.0,,0,,0,0,0,0
859,0,0,0,0,0,0,1,0,0,0,0,0,0,0,0,0,0,0,0,116536,,,0,,0,0,0,0
860,0,0,0,0,1,0,0,0,0,0,0,0,0,0,0,0,0,0,0,109255,159.0,,0,,0,0,0,0
861,1,0,0,0,1,1,0,0,0,0,0,0,0,0,0,0,1,0,0,104558,11134.0,,0,,0,0,0,0
862,0,0,0,0,0,0,0,1,0,0,0,0,0,0,0,0,0,0,0,116985,88224.0,,0,,0,0,0,0
864,0,0,0,0,1,0,0,1,0,0,0,0,0,0,0,0,0,0,0,114936,132641.0,,0,,0,0,0,0
865,0,0,0,0,0,0,0,1,0,0,0,0,0,0,0,0,0,0,0,114474,42758.0,,0,,0,0,0,0
866,0,0,0,0,0,1,0,1,0,0,0,0,0,0,1,0,1,0,0,115736,9303.0,,0,,0,0,0,0
867,0,0,0,0,1,1,0,0,0,0,0,0,0,0,0,0,0,0,0,115836,23945.0,,0,,0,0,0,0
868,0,0,0,0,1,0,0,0,0,0,0,0,0,0,0,0,0,0,0,101692,37820.0,,0,,0,0,0,0
869,0,0,0,0,0,1,0,1,0,0,0,0,1,0,0,0,1,0,0,116745,22479.0,,0,,0,0,0,0
870,0,0,0,0,1,0,0,0,0,0,0,0,0,0,0,0,0,0,0,119214,9054.0,,0,,0,0,0,0
871,0,0,0,0,1,0,0,0,0,0,0,0,0,0,0,0,0,0,0,116934,241058.0,,0,,0,0,0,0
872,0,0,0,0,0,0,0,1,0,0,0,0,0,0,0,0,0,0,0,109066,11985.0,,0,,0,0,0,0
873,0,0,0,0,0,0,0,1,0,0,0,0,0,0,0,0,0,0,0,75169,10232.0,,0,,0,0,0,0
874,0,0,0,0,0,1,0,1,0,0,0,0,0,0,0,0,0,0,0,113542,59569.0,,0,,0,0,0,0
875,1,0,0,0,0,1,0,1,0,0,0,0,0,0,0,0,0,0,0,110693,410921.0,,0,,0,0,0,0
876,1,0,0,0,1,1,0,0,0,0,0,0,0,0,0,0,1,0,0,106544,38955.0,,0,,0,0,0,0
877,0,0,0,0,1,0,0,1,0,0,0,0,0,0,0,0,0,0,0,116418,110513.0,,0,,0,0,0,0
878,0,0,0,0,0,0,0,1,0,0,0,0,0,0,0,0,0,0,0,112607,114089.0,,0,,0,0,0,0
879,0,0,0,0,0,0,0,0,0,0,1,0,0,0,0,0,1,0,0,120004,11015.0,,0,,0,0,0,0
880,0,0,0,0,0,0,0,0,0,0,0,0,0,0,0,1,1,0,0,116654,9306.0,,0,,0,0,0,0
881,0,0,0,1,1,0,0,0,0,0,0,0,0,0,0,0,0,0,0,116311,12559.0,,0,,0,0,0,0
882,0,0,0,0,0,0,0,1,0,0,0,0,0,0,0,0,1,0,0,117965,58770.0,,0,,0,0,0,0
884,0,0,0,0,0,0,0,1,0,0,0,0,0,0,0,0,0,0,0,114592,124851.0,,0,,0,0,0,0
885,0,0,0,1,0,0,0,1,1,0,0,0,0,0,0,0,0,0,0,115725,3587.0,,0,,0,0,0,0
886,1,0,0,0,1,1,0,0,0,0,0,0,0,0,0,0,0,0,0,115783,10723.0,,0,,0,0,0,0
887,0,0,0,0,0,0,0,1,0,0,0,0,0,0,0,0,0,0,0,120271,56077.0,,0,,0,0,0,0
888,0,1,1,1,0,0,0,0,0,0,0,0,1,0,0,0,0,0,0,113596,19004.0,,0,,0,0,0,0
889,0,0,0,0,0,0,0,1,0,0,0,0,0,0,1,0,0,0,0,109001,101230.0,,0,,0,0,0,0
890,0,0,0,0,0,0,0,0,0,0,0,0,0,0,0,0,1,0,0,94822,253632.0,,0,,0,0,0,0
891,0,0,0,0,0,0,0,0,0,0,1,0,0,0,0,0,1,0,0,113253,10987.0,,0,,0,0,0,0
892,0,0,0,0,1,0,0,1,0,0,0,0,0,0,1,0,0,0,0,117991,44705.0,,0,,0,0,0,0
893,0,0,0,0,0,0,0,1,0,0,0,0,0,0,0,0,0,0,0,117093,20318.0,,0,,0,0,0,0
894,0,0,0,0,0,0,0,0,0,0,0,0,0,0,1,0,0,0,0,24252,43596.0,,0,,0,0,0,0
895,0,0,0,0,0,0,0,1,0,0,0,0,0,0,0,0,0,0,0,105729,79782.0,,0,,0,0,0,0
896,0,0,0,0,0,0,0,1,0,0,0,0,0,0,0,0,0,0,0,111019,26933.0,,0,,0,0,0,0
897,0,1,0,0,0,0,0,1,0,0,0,0,0,0,1,0,0,1,0,35896,27854.0,,0,,0,0,0,0
898,0,0,0,0,1,0,0,1,0,0,0,0,0,0,1,0,0,0,0,32904,981.0,,0,,0,0,0,0
899,0,0,0,0,1,0,0,0,0,0,0,0,1,0,1,0,0,0,0,45152,872.0,,0,,0,0,0,0
900,0,0,0,0,0,0,0,0,0,0,0,0,1,0,1,0,0,0,0,43278,2769.0,,0,,0,0,0,0
901,0,0,0,0,1,0,0,0,0,0,0,0,1,0,0,0,0,0,0,50419,13320.0,,0,,0,0,0,0
902,0,0,0,0,0,0,0,1,0,0,0,0,0,0,1,0,0,0,0,54698,164.0,,0,,0,0,0,0
903,0,0,0,0,0,0,0,1,0,0,0,0,0,1,1,0,1,0,0,52357,426.0,,0,,0,0,0,0
904,0,0,0,0,0,0,0,0,0,0,0,0,0,1,0,0,1,0,0,47396,567.0,,0,,0,0,0,0
905,0,0,0,0,1,0,0,0,0,0,0,0,0,0,1,0,0,0,0,25316,3078.0,,0,,0,0,0,0
906,0,0,0,0,0,0,0,1,0,0,0,0,0,0,0,0,1,0,0,36855,13528.0,,0,,0,0,0,0
907,0,0,0,0,1,0,0,0,0,0,0,0,1,0,1,0,0,0,0,25164,28288.0,,0,,0,0,0,0
908,1,1,0,0,0,0,0,0,0,0,0,0,0,1,1,0,1,0,0,53125,213.0,,0,,0,0,0,0
909,0,0,0,0,1,0,0,1,0,0,0,0,0,0,1,0,0,0,0,53604,284.0,,0,,0,0,0,0
910,0,0,0,0,1,1,0,0,0,0,0,0,0,0,0,0,0,0,0,53291,239.0,,0,,0,0,0,0
911,0,0,0,0,1,1,0,0,0,0,0,0,0,1,1,0,1,0,0,56923,4808.0,,0,,0,0,0,0
912,0,0,0,0,0,0,0,1,0,0,0,0,0,0,1,0,0,0,0,34583,289.0,,0,,0,0,0,0
913,0,0,0,0,0,0,0,0,0,1,0,0,0,1,0,0,0,0,0,33870,963.0,,0,,0,0,0,0
914,0,0,0,0,1,0,0,1,0,0,0,0,1,0,1,0,0,0,0,58385,11113.0,,0,,0,0,0,0
915,0,0,0,0,1,0,0,0,0,0,0,0,0,0,1,0,0,0,0,47437,6620.0,,0,,0,0,0,0
916,0,0,0,0,1,0,0,1,0,0,0,0,0,0,1,0,0,0,0,46250,804.0,,0,,0,0,0,0
917,0,0,0,1,0,0,0,1,0,0,0,0,0,0,0,0,0,0,0,31580,26531.0,,0,,0,0,0,0
918,0,0,0,0,0,0,0,0,0,0,0,0,1,0,0,0,0,0,0,37059,909.0,,0,,0,0,0,0
919,0,1,0,1,0,0,0,0,1,0,0,0,1,0,0,0,0,0,0,32138,630.0,,0,,0,0,0,0
920,0,0,0,0,0,0,0,1,0,0,0,0,0,0,1,0,0,1,0,31381,770.0,,0,,0,0,0,0
921,0,0,0,0,1,0,0,0,0,0,0,0,0,0,0,0,0,0,0,84370,31044.0,,0,,0,0,0,0
922,0,0,0,0,0,0,0,1,0,1,0,0,0,0,1,0,0,0,0,43014,599.0,,0,,0,0,0,0
923,0,0,0,0,0,0,0,1,0,0,0,0,0,1,0,0,0,0,0,33467,15.0,15.0,0,33467.0,0,0,0,0
924,0,1,0,0,0,0,0,1,0,0,0,0,0,0,0,1,0,0,0,62622,62.0,,0,,0,0,0,0
925,0,1,0,0,0,0,0,0,0,0,0,0,0,0,1,0,0,1,0,39428,121357.0,,0,,0,0,0,0
926,0,0,0,0,0,0,0,1,0,0,0,0,0,0,0,0,0,0,0,42192,705.0,,0,,0,0,0,0
927,0,0,0,0,1,0,0,0,0,0,0,0,0,0,0,0,0,0,0,32143,22490.0,,0,,0,0,0,0
928,0,0,0,0,0,0,0,1,0,0,0,0,0,1,1,0,1,0,0,32976,223.0,,0,,0,0,0,0
929,0,0,0,0,0,0,0,1,0,1,0,0,0,1,0,0,1,0,0,32484,25670.0,,0,,0,0,0,0
930,0,0,0,0,0,0,0,0,0,1,0,0,0,0,1,0,1,0,0,38787,303.0,,0,,0,0,0,0
931,0,0,0,0,0,0,0,0,0,0,0,0,0,1,1,0,1,0,0,38109,4174.0,,0,,0,0,0,0
932,0,0,0,0,0,0,0,1,0,0,0,0,0,0,1,0,0,0,0,50105,8356.0,,0,,0,0,0,0
933,0,0,0,0,0,1,0,0,0,0,0,0,0,1,1,0,1,0,0,48728,381.0,,0,,0,0,0,0
934,0,0,0,0,1,0,0,0,0,0,0,0,0,0,0,0,0,0,0,42451,20758.0,,0,,0,0,0,0
935,0,0,0,0,1,0,0,0,0,0,0,0,1,0,0,0,0,0,0,45537,29376.0,,0,,0,0,0,0
936,0,0,0,0,1,0,0,0,0,0,0,0,0,0,1,0,0,0,0,31725,1859.0,,0,,0,0,0,0
937,0,0,0,0,1,0,0,0,0,0,0,0,0,0,1,0,0,0,0,50658,18299.0,,0,,0,0,0,0
938,0,0,0,0,0,0,0,0,0,0,0,0,1,0,0,0,0,0,0,51658,17281.0,,0,,0,0,0,0
939,0,0,0,0,1,0,0,1,0,0,0,0,0,0,0,0,0,0,0,52126,64382.0,,0,,0,0,0,0
940,1,1,0,0,0,0,0,0,0,0,0,0,0,0,1,0,0,0,0,29843,10907.0,,0,,0,0,0,0
941,0,1,0,0,0,0,0,0,0,0,0,0,0,0,0,0,0,0,0,32762,32093.0,,0,,0,0,0,0
942,0,0,0,0,0,1,0,0,0,1,0,0,0,1,0,0,0,0,0,37008,1939.0,,0,,0,0,0,0
943,0,0,0,0,0,0,0,1,1,0,0,0,0,0,1,0,0,0,0,39420,22292.0,,0,,0,0,0,0
944,0,0,0,0,0,0,0,1,0,0,0,0,0,0,0,0,0,0,0,29162,3598.0,,0,,0,0,0,0
945,0,0,0,0,1,0,0,0,0,0,0,0,1,0,1,0,0,0,0,27125,3080.0,,0,,0,0,0,0
946,0,0,0,0,1,0,0,1,0,0,0,0,0,0,0,0,0,1,0,35446,198.0,,0,,0,0,0,0
947,0,0,0,0,1,0,0,0,0,0,0,0,0,0,1,0,0,0,0,28010,13562.0,,0,,0,0,0,0
948,0,0,0,0,0,0,0,1,0,0,0,0,0,0,1,0,0,0,1,49261,1712.0,,0,,0,0,0,0
949,0,0,0,0,0,0,0,1,0,0,0,0,0,0,0,0,0,0,0,48028,220.0,,0,,0,0,0,0
950,0,0,0,0,1,1,0,0,0,0,0,0,0,0,0,0,0,0,0,25878,3529.0,,0,,0,0,0,0
951,0,0,0,0,1,0,0,0,0,0,0,0,0,0,1,0,0,0,0,32599,3085.0,,0,,0,0,0,0
952,0,1,0,0,1,0,0,0,0,0,0,0,0,0,0,0,0,0,0,48960,2897.0,,0,,0,0,0,0
953,0,0,0,0,0,0,0,1,1,0,0,0,0,0,1,0,0,0,0,38650,1585.0,,0,,0,0,0,0
954,0,0,0,0,0,0,0,1,0,0,0,0,0,0,0,0,0,0,0,31679,3083.0,,0,,0,0,0,0
955,0,0,0,0,1,0,0,0,0,0,0,0,0,0,1,0,0,0,0,29947,900.0,,0,,0,0,0,0
956,0,0,0,0,0,0,0,1,0,0,0,0,0,0,1,0,0,0,0,34012,43795.0,,0,,0,0,0,0
957,0,0,0,0,0,0,0,1,0,0,0,0,0,0,0,0,0,0,0,17350,85638.0,,0,,0,0,0,0
958,0,0,0,0,1,0,0,0,0,0,0,0,0,1,0,0,0,0,0,36094,50001.0,,0,,0,0,0,0
959,0,0,0,0,0,0,0,1,0,0,0,0,0,0,0,0,0,0,0,25586,43905.0,,0,,0,0,0,0
960,0,0,0,0,0,1,0,1,0,0,0,0,0,0,0,0,0,0,0,38300,22688.0,,0,,0,0,0,0
961,0,0,0,0,0,0,0,1,0,0,0,0,0,0,0,0,0,0,0,27893,23114.0,,0,,0,0,0,0
962,0,0,0,0,0,1,0,1,0,0,0,0,0,0,0,0,0,0,0,32022,26378.0,,0,,0,0,0,0
963,0,0,0,0,0,0,0,0,0,0,0,0,1,0,0,0,0,0,0,41509,40206.0,,0,,0,0,0,0
964,0,0,0,0,0,0,0,0,0,0,0,0,0,0,1,0,0,0,1,39152,22356.0,,0,,0,0,0,0
965,0,0,0,0,0,0,0,1,0,0,0,0,0,1,0,0,1,0,0,26029,260.0,,0,,0,0,0,0
966,0,0,0,0,0,0,0,0,0,0,0,0,0,0,0,0,0,1,0,38235,43488.0,,0,,0,0,0,0
967,0,0,0,0,0,0,0,0,0,0,0,0,0,0,0,0,0,0,1,36241,22613.0,,0,,0,0,0,0
968,0,0,0,0,0,0,0,0,0,0,1,0,0,0,0,1,1,0,0,63350,10331.0,,0,,0,0,0,0
969,0,1,0,0,1,0,0,0,0,0,0,0,0,0,1,0,0,1,0,43265,488.0,,0,,0,0,0,0
970,0,1,0,0,1,1,0,1,0,0,0,0,0,0,1,0,0,0,0,46414,22733.0,,0,,0,0,0,0
971,0,0,0,0,0,0,0,1,0,0,0,0,0,0,0,0,0,0,0,51459,261.0,,0,,0,0,0,0
972,0,0,0,0,0,0,0,1,0,0,0,0,0,0,0,0,0,0,0,47162,57575.0,,0,,0,0,0,0
973,0,0,0,0,1,0,0,1,0,0,0,0,0,0,0,0,0,0,0,33891,32574.0,,0,,0,0,0,0
974,0,0,0,0,0,0,0,1,0,0,0,0,0,0,1,0,0,0,0,29855,22657.0,,0,,0,0,0,0
975,0,0,0,0,1,0,0,0,0,0,0,0,1,0,0,0,0,0,0,29588,76464.0,,0,,0,0,0,0
976,0,0,0,0,0,0,0,0,0,0,0,0,0,0,1,0,0,1,0,22879,22649.0,,0,,0,0,0,0
977,0,0,0,0,0,0,0,0,0,0,0,0,0,1,0,0,0,0,0,27980,176841.0,,0,,0,0,0,0
979,0,0,0,0,0,0,0,1,0,0,0,0,0,0,0,0,0,1,0,114007,125587.0,,0,,0,0,0,0
980,1,0,0,0,0,0,0,0,0,0,0,0,0,0,0,0,0,0,0,93229,39448.0,,0,,0,0,0,0
981,0,0,0,0,0,0,0,1,0,0,0,0,0,0,0,0,0,0,0,118927,52855.0,,0,,0,0,0,0
982,0,0,0,0,0,0,0,1,0,0,0,0,0,0,0,0,0,0,0,48491,39940.0,,0,,0,0,0,0
983,0,0,0,0,0,0,0,0,0,0,0,0,0,0,1,0,0,0,0,113730,172868.0,,0,,0,0,0,0
984,0,0,0,0,1,0,0,1,0,0,0,0,0,0,0,0,0,0,0,117357,85328.0,,0,,0,0,0,0
985,0,0,0,0,0,0,1,0,0,0,0,0,0,0,0,0,0,0,0,117669,124632.0,,0,,0,0,0,0
986,0,1,0,1,0,0,0,0,0,0,0,0,0,0,0,0,0,0,0,116329,11076.0,,0,,0,0,0,0
987,0,0,0,0,0,0,0,1,0,0,0,0,0,0,1,0,0,0,0,118742,63945.0,,0,,0,0,0,0
988,0,0,0,0,1,0,0,1,0,0,0,0,0,0,0,0,0,0,0,116442,58985.0,,0,,0,0,0,0
989,0,0,0,0,0,0,0,1,0,0,0,0,0,0,0,0,0,0,0,114354,890.0,,0,,0,0,0,0
990,1,1,0,0,0,0,0,0,0,0,0,0,0,0,0,0,1,0,0,117011,10861.0,,0,,0,0,0,0
991,0,0,0,0,0,0,0,1,0,0,0,0,0,0,0,0,0,0,0,117039,1770.0,,0,,0,0,0,0
992,0,0,0,0,0,0,0,0,0,0,0,0,0,0,0,0,1,0,0,117473,44465.0,,0,,0,0,0,0
993,0,0,0,0,0,0,0,1,0,0,0,0,0,0,0,0,0,0,0,116635,2033.0,,0,,0,0,0,0
994,0,0,0,0,1,0,0,1,0,0,0,0,0,0,0,0,0,0,0,115678,18203.0,,0,,0,0,0,0
996,1,0,0,0,0,1,0,1,0,0,0,0,0,0,0,0,1,0,0,116830,9333.0,,0,,0,0,0,0
997,0,0,0,0,0,0,0,1,0,0,0,0,0,0,0,0,1,0,0,115847,47260.0,,0,,0,0,0,0
998,1,0,0,0,0,1,0,0,0,0,0,0,0,0,0,0,0,0,0,117603,9400.0,,0,,0,0,0,0
999,0,0,0,0,0,1,0,0,0,1,0,0,0,0,0,0,0,0,0,115438,9401.0,,0,,0,0,0,0
1000,0,0,0,0,0,1,0,0,0,0,0,0,0,0,0,0,0,0,0,115994,12241.0,,0,,0,0,0,0
1001,0,0,0,0,1,0,0,0,0,0,0,0,0,0,0,0,0,0,0,83587,25739.0,,0,,0,0,0,0
1002,0,0,0,0,1,0,0,0,0,0,0,0,0,0,1,0,0,0,0,116167,161806.0,,0,,0,0,0,0
1003,0,0,0,0,0,0,0,1,0,0,0,0,0,0,0,0,1,0,0,116259,11306.0,,0,,0,0,0,0
1004,1,0,0,0,0,0,0,0,0,0,0,0,0,0,0,0,1,0,0,116421,9625.0,,0,,0,0,0,0
1005,0,0,0,1,1,0,0,0,0,0,0,0,0,0,0,0,0,0,0,116000,10680.0,,0,,0,0,0,0
1006,0,0,0,0,0,0,0,1,0,0,0,0,0,0,0,0,0,0,0,115862,6346.0,,0,,0,0,0,0
1007,0,0,0,1,1,0,0,0,0,0,0,0,0,0,0,0,0,0,1,72653,18660.0,,0,,0,0,0,0
1008,0,1,0,0,0,0,0,0,0,0,0,0,0,0,0,0,0,0,1,47977,35115.0,,0,,0,0,0,0
1009,0,1,0,1,0,0,0,0,1,0,0,0,0,0,0,0,0,0,0,72951,14821.0,,0,,0,0,0,0
1010,0,0,0,1,1,0,0,0,0,0,0,0,0,0,0,0,0,0,0,64603,14136.0,,0,,0,0,0,0
1011,0,1,0,1,1,0,0,0,0,0,0,0,0,0,0,0,0,0,0,71607,10869.0,,0,,0,0,0,0
1012,0,0,0,1,0,0,0,1,0,0,0,0,0,0,0,0,0,0,0,50798,22660.0,,0,,0,0,0,0
1013,0,0,0,1,1,0,0,0,0,0,0,0,0,0,1,0,0,0,0,55277,19186.0,,0,,0,0,0,0
1014,0,0,0,1,1,0,0,1,0,0,0,0,0,0,0,0,0,0,0,54195,31102.0,,0,,0,0,0,0
1015,0,1,0,1,0,0,0,1,0,0,0,0,0,0,0,0,0,0,0,107131,6878.0,,0,,0,0,0,0
1016,0,0,0,1,1,0,0,0,0,0,0,0,0,0,0,0,0,0,0,53271,15944.0,,0,,0,0,0,0
1017,0,1,0,1,0,0,0,0,0,0,0,0,0,0,0,0,0,0,0,54357,18444.0,,0,,0,0,0,0
1018,0,0,0,1,1,0,0,0,0,0,0,0,0,1,0,0,0,0,0,59793,20723.0,,0,,0,0,0,0
